-- phpMyAdmin SQL Dump
-- version 5.2.2
-- https://www.phpmyadmin.net/
--
-- Host: localhost:3306
-- Generation Time: Apr 14, 2026 at 07:13 PM
-- Server version: 10.6.25-MariaDB
-- PHP Version: 8.4.19

SET SQL_MODE = "NO_AUTO_VALUE_ON_ZERO";
START TRANSACTION;
SET time_zone = "+00:00";


/*!40101 SET @OLD_CHARACTER_SET_CLIENT=@@CHARACTER_SET_CLIENT */;
/*!40101 SET @OLD_CHARACTER_SET_RESULTS=@@CHARACTER_SET_RESULTS */;
/*!40101 SET @OLD_COLLATION_CONNECTION=@@COLLATION_CONNECTION */;
/*!40101 SET NAMES utf8mb4 */;

--
-- Database: `mbelisle_cours22`
--

-- --------------------------------------------------------

--
-- Table structure for table `composants`
--

CREATE TABLE `composants` (
  `id_composant` int(11) NOT NULL,
  `nom_composant` varchar(100) NOT NULL,
  `categorie` varchar(50) NOT NULL,
  `prix_unitaire` decimal(5,2) DEFAULT NULL
) ENGINE=InnoDB DEFAULT CHARSET=latin1 COLLATE=latin1_swedish_ci;

--
-- Dumping data for table `composants`
--

INSERT INTO `composants` (`id_composant`, `nom_composant`, `categorie`, `prix_unitaire`) VALUES
(1, 'Capteur de température et humidité DHT11', 'Capteur', 2.50),
(2, 'Capteur de température et humidité DHT22', 'Capteur', 5.00),
(3, 'Capteur de pression et température BMP180', 'Capteur', 3.20),
(4, 'Capteur environnemental BME280 (Temp/Hum/Pression)', 'Capteur', 7.50),
(5, 'Capteur de température analogique LM35', 'Capteur', 1.50),
(6, 'Capteur de température étanche DS18B20', 'Capteur', 3.00),
(7, 'Thermocouple Type K avec module MAX6675', 'Capteur', 6.00),
(8, 'Capteur de température infrarouge MLX90614', 'Capteur', 12.50),
(9, 'Thermistance NTC 10K', 'Capteur', 0.50),
(10, 'Module thermistance KY-028', 'Capteur', 1.20),
(11, 'Capteur à ultrasons HC-SR04', 'Capteur', 2.00),
(12, 'Capteur de distance infrarouge Sharp GP2Y0A21YK0F', 'Capteur', 8.50),
(13, 'Capteur de distance laser ToF VL53L0X', 'Capteur', 10.00),
(14, 'Détecteur de mouvement PIR HC-SR501', 'Capteur', 2.20),
(15, 'Mini détecteur de mouvement PIR AM312', 'Capteur', 1.80),
(16, 'Capteur radar micro-ondes RCWL-0516', 'Capteur', 1.50),
(17, 'Accéléromètre et Gyroscope 3 axes MPU-6050', 'Capteur', 4.50),
(18, 'Accéléromètre 3 axes ADXL345', 'Capteur', 3.80),
(19, 'Boussole numérique 3 axes HMC5883L', 'Capteur', 4.00),
(20, 'Module gyroscope 3 axes L3G4200D', 'Capteur', 5.50),
(21, 'Photorésistance (LDR) 5mm', 'Capteur', 0.20),
(22, 'Module capteur de lumière KY-018', 'Capteur', 1.00),
(23, 'Capteur de lumière numérique BH1750', 'Capteur', 3.50),
(24, 'Capteur de lumière UV GUVA-S12SD', 'Capteur', 4.20),
(25, 'Capteur de couleur TCS3200', 'Capteur', 6.50),
(26, 'Capteur de couleur APDS-9960 (Geste/Couleur)', 'Capteur', 5.00),
(27, 'Capteur de flamme IR', 'Capteur', 1.50),
(28, 'Module capteur de flamme KY-026', 'Capteur', 1.80),
(29, 'Barrière infrarouge (Émetteur/Récepteur)', 'Capteur', 2.50),
(30, 'Capteur suiveur de ligne TCRT5000', 'Capteur', 1.20),
(31, 'Capteur de gaz combustible MQ-2', 'Capteur', 2.50),
(32, 'Capteur d\'alcool MQ-3', 'Capteur', 2.50),
(33, 'Capteur de méthane et gaz naturel MQ-4', 'Capteur', 2.50),
(34, 'Capteur de gaz naturel et GPL MQ-5', 'Capteur', 2.50),
(35, 'Capteur de gaz butane et isobutane MQ-6', 'Capteur', 2.50),
(36, 'Capteur de monoxyde de carbone MQ-7', 'Capteur', 2.50),
(37, 'Capteur d\'hydrogène MQ-8', 'Capteur', 2.50),
(38, 'Capteur de monoxyde de carbone et gaz combustible MQ-9', 'Capteur', 2.80),
(39, 'Capteur de qualité de l\'air MQ-135', 'Capteur', 3.00),
(40, 'Capteur de sulfure d\'hydrogène MQ-136', 'Capteur', 3.50),
(41, 'Capteur d\'ammoniac MQ-137', 'Capteur', 3.50),
(42, 'Capteur de formaldéhyde, toluène, benzène MQ-138', 'Capteur', 4.00),
(43, 'Capteur de fréon MQ-139', 'Capteur', 4.00),
(44, 'Capteur d\'humidité du sol analogique', 'Capteur', 1.50),
(45, 'Capteur d\'humidité du sol capacitif', 'Capteur', 2.80),
(46, 'Capteur de niveau d\'eau', 'Capteur', 1.20),
(47, 'Débitmètre d\'eau YF-S201', 'Capteur', 6.00),
(48, 'Capteur de pluie (Module plaque)', 'Capteur', 1.80),
(49, 'Sonde de conductivité de l\'eau (TDS)', 'Capteur', 8.50),
(50, 'Capteur de pH analogique avec sonde', 'Capteur', 25.00),
(51, 'Capteur de turbidité de l\'eau', 'Capteur', 12.00),
(52, 'Capteur de force FSR402', 'Capteur', 7.00),
(53, 'Cellule de charge 1kg (Jauge de contrainte)', 'Capteur', 5.50),
(54, 'Cellule de charge 5kg avec module HX711', 'Capteur', 8.00),
(55, 'Capteur de flexion 2.2 pouces', 'Capteur', 12.00),
(56, 'Capteur tactile capacitif TTP223', 'Capteur', 0.80),
(57, 'Clavier matriciel à membrane 4x4', 'Capteur', 2.00),
(58, 'Module lecteur d\'empreintes digitales optique AS608', 'Capteur', 18.00),
(59, 'Capteur de rythme cardiaque (Pulse Sensor)', 'Capteur', 4.50),
(60, 'Capteur ECG AD8232', 'Capteur', 15.00),
(61, 'Capteur d\'oxygène sanguin et fréquence cardiaque MAX30102', 'Capteur', 8.50),
(62, 'Microphone électret KY-038', 'Capteur', 1.50),
(63, 'Capteur de son haute sensibilité LM393', 'Capteur', 2.00),
(64, 'Capteur magnétique à effet Hall A3144', 'Capteur', 1.00),
(65, 'Module capteur à effet Hall linéaire KY-024', 'Capteur', 1.50),
(66, 'Module capteur magnétique Reed KY-025', 'Capteur', 1.20),
(67, 'Capteur de vibration SW-420', 'Capteur', 1.80),
(68, 'Interrupteur d\'inclinaison (Tilt switch)', 'Capteur', 0.50),
(69, 'Capteur de choc KY-031', 'Capteur', 1.20),
(70, 'Module détecteur de métaux', 'Capteur', 5.00),
(71, 'Capteur de champ magnétique analogique', 'Capteur', 2.50),
(72, 'Servomoteur Micro SG90 9g', 'Actionneur', 2.50),
(73, 'Servomoteur Standard S3003', 'Actionneur', 6.00),
(74, 'Servomoteur à couple élevé MG995', 'Actionneur', 8.50),
(75, 'Servomoteur à engrenages métalliques MG996R', 'Actionneur', 9.00),
(76, 'Servomoteur rotatif continu 360° FS5103R', 'Actionneur', 10.00),
(77, 'Micro Servomoteur linéaire', 'Actionneur', 15.00),
(78, 'Moteur Pas-à-Pas 28BYJ-48 5V avec driver ULN2003', 'Actionneur', 4.00),
(79, 'Moteur Pas-à-Pas NEMA 17', 'Actionneur', 14.00),
(80, 'Moteur Pas-à-Pas NEMA 23', 'Actionneur', 28.00),
(81, 'Moteur Pas-à-Pas bipolaire NEMA 14', 'Actionneur', 12.00),
(82, 'Driver de moteur pas-à-pas A4988', 'Actionneur', 2.50),
(83, 'Driver de moteur pas-à-pas DRV8825', 'Actionneur', 3.50),
(84, 'Mini Moteur DC 3V-6V', 'Actionneur', 1.00),
(85, 'Moteur DC avec réducteur TT', 'Actionneur', 2.50),
(86, 'Moteur DC avec encodeur 12V', 'Actionneur', 16.00),
(87, 'Micro moteur vibrant', 'Actionneur', 1.20),
(88, 'Mini pompe à eau submersible 3V-5V', 'Actionneur', 3.50),
(89, 'Pompe péristaltique 12V', 'Actionneur', 12.00),
(90, 'Mini compresseur d\'air 6V', 'Actionneur', 8.00),
(91, 'Ventilateur de refroidissement 5V 40mm', 'Actionneur', 2.00),
(92, 'Module Relais 5V 1 Canal', 'Actionneur', 1.80),
(93, 'Module Relais 5V 2 Canaux', 'Actionneur', 3.00),
(94, 'Module Relais 5V 4 Canaux', 'Actionneur', 5.50),
(95, 'Module Relais 5V 8 Canaux', 'Actionneur', 9.00),
(96, 'Relais statique (SSR) 40A', 'Actionneur', 8.50),
(97, 'Électroaimant de levage 5V (2.5kg)', 'Actionneur', 6.00),
(98, 'Solénoïde push-pull 12V', 'Actionneur', 7.50),
(99, 'Micro-valve solénoïde pour air', 'Actionneur', 5.00),
(100, 'Gâche électrique 12V', 'Actionneur', 15.00),
(101, 'Buzzer passif', 'Actionneur', 0.50),
(102, 'Buzzer actif', 'Actionneur', 0.60),
(103, 'Module Buzzer KY-006', 'Actionneur', 1.00),
(104, 'Haut-parleur miniature 8 Ohm 0.5W', 'Actionneur', 1.50),
(105, 'Générateur d\'arcs électriques (Bobine Tesla miniature)', 'Actionneur', 10.00),
(106, 'Peltier TEC1-12706 (Module thermoélectrique)', 'Actionneur', 4.50),
(107, 'Cordon chauffant NiCr', 'Actionneur', 3.00),
(108, 'Moteur brushless A2212 1000KV', 'Actionneur', 12.00),
(109, 'Contrôleur de vitesse ESC 30A', 'Actionneur', 8.00),
(110, 'Moteur Coreless pour drone', 'Actionneur', 2.50),
(111, 'Micro servomoteur étanche', 'Actionneur', 18.00),
(112, 'Pompe à vide miniature', 'Actionneur', 14.00),
(113, 'Vanne d\'eau motorisée 12V', 'Actionneur', 22.00),
(114, 'Seringue motorisée de précision', 'Actionneur', 35.00),
(115, 'Moteur linéaire à vis sans fin 12V', 'Actionneur', 28.00),
(116, 'Actionneur piézoélectrique', 'Actionneur', 12.00),
(117, 'Muscle artificiel (Fil Flexinol)', 'Actionneur', 8.00),
(118, 'Module de retour haptique DRV2605', 'Actionneur', 9.50),
(119, 'Moteur d\'essuie-glace (Récupération fort couple)', 'Actionneur', 20.00),
(120, 'Ventilateur centrifuge 12V', 'Actionneur', 6.50),
(121, 'Cloche d\'alarme motorisée', 'Actionneur', 11.00),
(122, 'Module laser 650nm (Croix/Point)', 'Actionneur', 3.50),
(123, 'Générateur de brouillard à ultrasons', 'Actionneur', 7.00),
(124, 'Moteur de vibration excentrique', 'Actionneur', 2.00),
(125, 'Relais bistable 5V', 'Actionneur', 4.00),
(126, 'Contacteur de puissance AC', 'Actionneur', 18.00),
(127, 'Servomoteur robotique série Dynamixel AX-12A', 'Actionneur', 45.00),
(128, 'Afficheur LCD 1602 avec module I2C', 'Affichage', 4.50),
(129, 'Afficheur LCD 2004 avec module I2C', 'Affichage', 8.00),
(130, 'Écran OLED 0.96\" I2C (Blanc)', 'Affichage', 5.00),
(131, 'Écran OLED 0.96\" I2C (Bleu/Jaune)', 'Affichage', 5.50),
(132, 'Écran TFT 1.8\" SPI', 'Affichage', 6.50),
(133, 'Écran Tactile TFT 2.4\" Shield pour Uno', 'Affichage', 12.00),
(134, 'Écran Tactile TFT 3.5\" Shield pour Mega', 'Affichage', 18.00),
(135, 'Écran E-Paper / E-Ink 2.13\"', 'Affichage', 15.00),
(136, 'Écran E-Paper / E-Ink 2.9\"', 'Affichage', 20.00),
(137, 'Matrice LED 8x8 avec driver MAX7219', 'Affichage', 3.50),
(138, 'Matrice LED 4-en-1 MAX7219', 'Affichage', 9.00),
(139, 'Afficheur 7 segments - 1 Chiffre', 'Affichage', 0.80),
(140, 'Afficheur 7 segments - 2 Chiffres', 'Affichage', 1.20),
(141, 'Afficheur 7 segments - 4 Chiffres (TM1637)', 'Affichage', 3.00),
(142, 'Afficheur alphanumérique 14 segments', 'Affichage', 4.00),
(143, 'Anneau LED Neopixel 12 LEDs (WS2812B)', 'Affichage', 4.50),
(144, 'Anneau LED Neopixel 24 LEDs (WS2812B)', 'Affichage', 7.00),
(145, 'Bandeau LED RGB WS2812B (1 mètre, 60 LEDs)', 'Affichage', 8.50),
(146, 'Matrice LED RGB WS2812B 8x8', 'Affichage', 10.00),
(147, 'LED RGB 5mm (Cathode Commune)', 'Affichage', 0.40),
(148, 'LED RGB 5mm (Anode Commune)', 'Affichage', 0.40),
(149, 'LED infrarouge émettrice 5mm', 'Affichage', 0.30),
(150, 'LED UV 5mm', 'Affichage', 0.50),
(151, 'Ruban LED blanc chaud 12V', 'Affichage', 5.00),
(152, 'Affichage bargraphe LED 10 segments', 'Affichage', 1.50),
(153, 'Module LED bicolore 3mm', 'Affichage', 0.80),
(154, 'Diode Laser rouge 5V', 'Affichage', 1.20),
(155, 'Écran Nextion HMI 2.4\"', 'Affichage', 22.00),
(156, 'Écran Nextion HMI 3.5\"', 'Affichage', 35.00),
(157, 'Afficheur matriciel LED RGB 64x32', 'Affichage', 28.00),
(158, 'Écran LCD Nokia 5110', 'Affichage', 4.00),
(159, 'Bandeau LED APA102 (1 mètre)', 'Affichage', 14.00),
(160, 'Ampoule LED I2C intelligente', 'Affichage', 15.00),
(161, 'Module afficheur de tension', 'Affichage', 3.00),
(162, 'Écran e-Paper tricolore (Noir/Blanc/Rouge)', 'Affichage', 24.00),
(163, 'Panneau LED P10 (Rouge)', 'Affichage', 12.00),
(164, 'Panneau LED P10 (RGB)', 'Affichage', 25.00),
(165, 'Afficheur fluorescent sous vide (VFD)', 'Affichage', 18.00),
(166, 'Module de 8 LEDs adressables', 'Affichage', 2.50),
(167, 'Lampe stroboscopique miniature', 'Affichage', 6.00),
(168, 'Module Bluetooth HC-05 (Maître/Esclave)', 'Communication', 4.50),
(169, 'Module Bluetooth HC-06 (Esclave)', 'Communication', 4.00),
(170, 'Module Bluetooth Low Energy (BLE) HM-10', 'Communication', 6.00),
(171, 'Module WiFi ESP8266 ESP-01', 'Communication', 3.00),
(172, 'Émetteur/Récepteur Radio RF 433MHz', 'Communication', 1.50),
(173, 'Module Transceiver NRF24L01+ 2.4GHz', 'Communication', 2.00),
(174, 'Module NRF24L01+ avec antenne (Longue portée)', 'Communication', 4.50),
(175, 'Lecteur RFID RC522 (avec carte et badge)', 'Communication', 4.00),
(176, 'Lecteur RFID PN532 (NFC/RFID V3)', 'Communication', 9.00),
(177, 'Module GPS NEO-6M', 'Communication', 12.00),
(178, 'Module GPS NEO-M8N (Haute précision)', 'Communication', 18.00),
(179, 'Module GSM/GPRS SIM800L', 'Communication', 8.50),
(180, 'Module GSM SIM900 Shield', 'Communication', 25.00),
(181, 'Module LoRa SX1278 433MHz', 'Communication', 14.00),
(182, 'Module LoRa RFM95W 868MHz', 'Communication', 16.00),
(183, 'Transmetteur Infrarouge (IR)', 'Communication', 1.00),
(184, 'Récepteur Infrarouge (IR) VS1838B', 'Communication', 1.00),
(185, 'Télécommande Infrarouge (IR)', 'Communication', 2.50),
(186, 'Module de lecture de carte Micro SD', 'Communication', 1.80),
(187, 'Module horloge temps réel (RTC) DS3231', 'Communication', 3.50),
(188, 'Module horloge temps réel (RTC) DS1307', 'Communication', 2.00),
(189, 'Module convertisseur I2C logique bidirectionnel', 'Communication', 1.00),
(190, 'Module amplificateur audio PAM8403', 'Communication', 1.50),
(191, 'Lecteur MP3 mini DFPlayer', 'Communication', 4.00),
(192, 'Module convertisseur analogique-numérique ADS1115', 'Communication', 6.00),
(193, 'Multiplexeur analogique CD74HC4067', 'Communication', 2.50),
(194, 'Module d\'isolation optocoupleur 4 canaux', 'Communication', 3.00),
(195, 'Transceiver CAN Bus MCP2515', 'Communication', 4.50),
(196, 'Module adaptateur USB vers TTL CP2102', 'Communication', 3.00),
(197, 'Module RS485 MAX485', 'Communication', 1.20),
(198, 'Carte Arduino Uno R3 (Compatible)', 'Microcontrôleur', 8.00),
(199, 'Carte Arduino Nano V3.0 (Compatible)', 'Microcontrôleur', 5.00),
(200, 'Carte Arduino Mega 2560 R3 (Compatible)', 'Microcontrôleur', 15.00),
(201, 'Carte Arduino Pro Mini 5V', 'Microcontrôleur', 4.00),
(202, 'Carte Arduino Micro', 'Microcontrôleur', 7.00),
(203, 'Carte ESP32 NodeMCU', 'Microcontrôleur', 9.00),
(204, 'Carte ESP8266 NodeMCU V3', 'Microcontrôleur', 6.00),
(205, 'Carte ESP32-CAM avec caméra OV2640', 'Microcontrôleur', 11.00),
(206, 'Carte Raspberry Pi Pico', 'Microcontrôleur', 5.50),
(207, 'Carte Raspberry Pi Pico W (WiFi)', 'Microcontrôleur', 8.50),
(208, 'Shield de prototypage pour Uno', 'Shield', 3.50),
(209, 'Shield Ethernet W5100', 'Shield', 12.00),
(210, 'Shield Contrôleur de Moteur L293D', 'Shield', 4.50),
(211, 'Shield CNC V3 pour Graveur/Imprimante 3D', 'Shield', 6.00),
(212, 'Shield d\'extension Sensor Shield V5.0', 'Shield', 4.00),
(213, 'Module d\'alimentation pour breadboard 3.3V/5V', 'Passif', 1.50),
(214, 'Breadboard 400 points (Platine d\'essai)', 'Passif', 2.00),
(215, 'Breadboard 830 points', 'Passif', 3.50),
(216, 'Câbles Dupont Mâle-Mâle (40 pcs)', 'Passif', 1.50),
(217, 'Câbles Dupont Mâle-Femelle (40 pcs)', 'Passif', 1.50),
(218, 'Câbles Dupont Femelle-Femelle (40 pcs)', 'Passif', 1.50),
(219, 'Assortiment de 100 LEDs (Rouge, Vert, Bleu, Jaune, Blanc)', 'Passif', 4.00),
(220, 'Assortiment de résistances 1/4W (600 pcs)', 'Passif', 5.00),
(221, 'Assortiment de condensateurs électrolytiques', 'Passif', 6.00),
(222, 'Potentiomètre rotatif 10K', 'Passif', 0.80),
(223, 'Joystick analogique 2 axes + bouton', 'Passif', 2.50),
(224, 'Bouton poussoir tactile 12x12mm (x10)', 'Passif', 1.50),
(225, 'Bouton d\'arrêt d\'urgence coup de poing', 'Passif', 8.00),
(226, 'Interrupteur à bascule SPDT', 'Passif', 0.50),
(227, 'Porte-piles pour 4x AA avec interrupteur', 'Passif', 2.00);

-- --------------------------------------------------------

--
-- Table structure for table `projets`
--

CREATE TABLE `projets` (
  `id_projet` int(11) NOT NULL,
  `nom_projet` varchar(150) NOT NULL,
  `statut` varchar(50) DEFAULT 'En développement',
  `id_utilisateur` int(11) NOT NULL,
  `date_creation` date DEFAULT NULL
) ENGINE=InnoDB DEFAULT CHARSET=latin1 COLLATE=latin1_swedish_ci;

--
-- Dumping data for table `projets`
--

INSERT INTO `projets` (`id_projet`, `nom_projet`, `statut`, `id_utilisateur`, `date_creation`) VALUES
(1, 'Station Météo Connectée', 'Terminé', 15, '2023-09-12'),
(2, 'Contrôle d\'éclairage par Bluetooth', 'Terminé', 42, '2023-10-05'),
(3, 'Thermostat Intelligent', 'En développement', 7, '2024-01-15'),
(4, 'Ouverture de porte par RFID', 'Terminé', 88, '2023-11-20'),
(5, 'Arrosage automatique des plantes', 'En développement', 23, '2024-02-10'),
(6, 'Détecteur de fuite d\'eau', 'Terminé', 56, '2023-08-30'),
(7, 'Mangeoire automatique pour chat', 'En pause', 12, '2023-12-01'),
(8, 'Moniteur de qualité de l\'air intérieur', 'Terminé', 34, '2024-01-22'),
(9, 'Poubelle à ouverture sans contact', 'Terminé', 71, '2023-10-18'),
(10, 'Boîte aux lettres connectée', 'En développement', 9, '2024-03-05'),
(11, 'Robot éviteur d\'obstacles', 'Terminé', 42, '2023-09-25'),
(12, 'Bras robotique 4 axes', 'En développement', 65, '2024-02-28'),
(13, 'Robot suiveur de ligne', 'Terminé', 18, '2023-11-10'),
(14, 'Araignée hexapode', 'En pause', 91, '2023-07-15'),
(15, 'Voiture téléguidée par WiFi', 'En développement', 5, '2024-03-12'),
(16, 'Robot nettoyeur de bureau', 'Terminé', 27, '2023-10-22'),
(17, 'Drone quadrirotor basique', 'Abandonné', 44, '2023-06-10'),
(18, 'Robot équilibriste à 2 roues', 'En développement', 82, '2024-01-08'),
(19, 'Tourelle Nerf motorisée', 'Terminé', 3, '2023-12-15'),
(20, 'Sous-marin ROV filaire', 'En pause', 50, '2023-05-20'),
(21, 'Serre automatisée', 'En développement', 61, '2024-02-05'),
(22, 'Station météo solaire', 'Terminé', 14, '2023-08-14'),
(23, 'Capteur de pollution urbaine', 'Terminé', 77, '2023-11-28'),
(24, 'Incubateur à œufs', 'Terminé', 39, '2023-10-02'),
(25, 'Moniteur de pH pour aquarium', 'En développement', 21, '2024-03-01'),
(26, 'Sismographe amateur', 'En pause', 95, '2023-09-08'),
(27, 'Anémomètre imprimé en 3D', 'Terminé', 8, '2023-12-11'),
(28, 'Détecteur de gel pour verger', 'Terminé', 53, '2023-10-30'),
(29, 'Pluviomètre sans fil', 'En développement', 31, '2024-01-19'),
(30, 'Système hydroponique', 'Terminé', 68, '2023-07-25'),
(31, 'Alarme laser', 'Terminé', 84, '2023-09-05'),
(32, 'Détecteur de présence avec caméra', 'En développement', 2, '2024-02-14'),
(33, 'Coffre-fort à code', 'Terminé', 47, '2023-11-03'),
(34, 'Simulateur de présence (Lumières)', 'Terminé', 73, '2023-12-20'),
(35, 'Radar de vitesse (Doppler)', 'En pause', 19, '2023-10-12'),
(36, 'Détecteur de fumée IoT', 'Terminé', 60, '2023-08-22'),
(37, 'Badgeuse d\'entreprise RFID', 'En développement', 36, '2024-01-29'),
(38, 'Alarme de tiroir secrète', 'Terminé', 99, '2023-09-18'),
(39, 'Capteur de vibration pour fenêtre', 'Terminé', 25, '2023-11-15'),
(40, 'Verrou biométrique (Empreinte)', 'En développement', 11, '2024-03-10'),
(41, 'Horloge binaire', 'Terminé', 55, '2023-10-08'),
(42, 'Console de jeu Rétro (Pong)', 'Terminé', 79, '2023-12-05'),
(43, 'Cube LED 4x4x4', 'En pause', 33, '2023-06-30'),
(44, 'Afficheur de prix Bitcoin', 'Terminé', 6, '2023-11-25'),
(45, 'Guitare laser', 'En développement', 87, '2024-02-22'),
(46, 'Station spatiale Tracker (ISS)', 'Terminé', 41, '2023-09-29'),
(47, 'Simon Says (Jeu de mémoire)', 'Terminé', 17, '2023-10-15'),
(48, 'Compteur d\'abonnés YouTube', 'En développement', 92, '2024-01-12'),
(49, 'Écran météo E-Ink', 'Terminé', 28, '2023-12-28'),
(50, 'Générateur d\'accords musicaux', 'En pause', 64, '2023-08-10');

-- --------------------------------------------------------

--
-- Table structure for table `projet_composant`
--

CREATE TABLE `projet_composant` (
  `id_projet` int(11) NOT NULL,
  `id_composant` int(11) NOT NULL,
  `quantite` int(11) DEFAULT 1,
  `broche_connexion` varchar(10) DEFAULT NULL
) ENGINE=InnoDB DEFAULT CHARSET=latin1 COLLATE=latin1_swedish_ci;

--
-- Dumping data for table `projet_composant`
--

INSERT INTO `projet_composant` (`id_projet`, `id_composant`, `quantite`, `broche_connexion`) VALUES
(1, 4, 1, 'I2C'),
(1, 128, 1, 'I2C'),
(1, 203, 1, 'VIN'),
(1, 216, 10, 'N/A'),
(1, 220, 1, 'N/A'),
(1, 224, 1, 'D2'),
(2, 92, 1, 'D7'),
(2, 168, 1, 'D2/D3'),
(2, 198, 1, '5V'),
(2, 219, 1, 'N/A'),
(3, 2, 1, 'D4'),
(3, 93, 1, 'D5'),
(3, 130, 1, 'I2C'),
(3, 204, 1, '3.3V'),
(4, 72, 1, 'PWM~9'),
(4, 101, 1, 'D6'),
(4, 175, 1, 'SPI'),
(4, 198, 1, '5V'),
(5, 44, 2, 'A0/A1'),
(5, 88, 1, 'D8'),
(5, 92, 1, 'D9'),
(5, 199, 1, '5V'),
(6, 46, 2, 'A0'),
(6, 102, 1, 'D5'),
(6, 168, 1, 'RX/TX'),
(6, 204, 1, 'VIN'),
(6, 214, 1, 'N/A'),
(6, 216, 15, 'N/A'),
(6, 219, 3, 'D6-D8'),
(6, 220, 3, 'N/A'),
(7, 75, 1, 'PWM~9'),
(7, 92, 1, 'D4'),
(7, 128, 1, 'I2C'),
(7, 187, 1, 'I2C'),
(7, 198, 1, '5V'),
(7, 214, 1, 'N/A'),
(7, 217, 20, 'N/A'),
(7, 224, 2, 'D2/D3'),
(8, 39, 1, 'A0'),
(8, 128, 1, 'I2C'),
(8, 198, 1, '5V'),
(9, 11, 1, 'D4/D5'),
(9, 72, 1, 'PWM~6'),
(9, 101, 1, 'D9'),
(9, 199, 1, '5V'),
(9, 214, 1, 'N/A'),
(9, 216, 12, 'N/A'),
(9, 219, 2, 'D7/D8'),
(9, 220, 2, 'N/A'),
(10, 14, 1, 'D13'),
(10, 21, 1, 'A0'),
(10, 130, 1, 'I2C'),
(10, 203, 1, '3.3V'),
(10, 214, 1, 'N/A'),
(10, 217, 15, 'N/A'),
(10, 220, 2, 'N/A'),
(10, 224, 1, 'D12'),
(11, 11, 1, 'D4/D5'),
(11, 72, 1, 'SERVO1'),
(11, 85, 2, 'M1/M2'),
(11, 198, 1, 'VIN'),
(11, 210, 1, 'SHIELD'),
(12, 75, 4, 'PWM'),
(12, 200, 1, 'VIN'),
(12, 223, 2, 'A0/A1'),
(13, 30, 3, 'A0/A1/A2'),
(13, 85, 2, 'M3/M4'),
(13, 198, 1, 'VIN'),
(13, 210, 1, 'SHIELD'),
(14, 72, 18, 'PWM'),
(14, 102, 1, 'D4'),
(14, 168, 1, 'TX1/RX1'),
(14, 200, 1, 'VIN'),
(14, 214, 2, 'N/A'),
(14, 216, 40, 'N/A'),
(14, 217, 40, 'N/A'),
(14, 219, 4, 'D5-D8'),
(15, 85, 4, 'M1-M4'),
(15, 204, 1, 'VIN'),
(15, 210, 1, 'SHIELD'),
(16, 11, 1, 'D6/D7'),
(16, 30, 2, 'A0/A1'),
(16, 85, 2, 'M1/M2'),
(16, 198, 1, 'VIN'),
(16, 210, 1, 'SHIELD'),
(16, 216, 20, 'N/A'),
(16, 219, 2, 'A2/A3'),
(16, 220, 2, 'N/A'),
(17, 17, 1, 'I2C'),
(17, 102, 1, 'D7'),
(17, 108, 4, 'D3-D6'),
(17, 109, 4, 'N/A'),
(17, 173, 1, 'SPI'),
(17, 199, 1, '5V'),
(17, 214, 1, 'N/A'),
(17, 216, 30, 'N/A'),
(18, 17, 1, 'I2C'),
(18, 78, 2, 'D4-D11'),
(18, 168, 1, 'RX/TX'),
(18, 198, 1, '5V'),
(18, 210, 1, 'SHIELD'),
(18, 214, 1, 'N/A'),
(18, 216, 25, 'N/A'),
(18, 219, 2, 'A0/A1'),
(19, 14, 1, 'D2'),
(19, 75, 2, 'PWM'),
(19, 92, 1, 'D4'),
(19, 122, 1, 'D3'),
(19, 200, 1, 'VIN'),
(19, 214, 1, 'N/A'),
(19, 216, 15, 'N/A'),
(19, 224, 1, 'D5'),
(20, 46, 1, 'A0'),
(20, 85, 3, 'M1-M3'),
(20, 128, 1, 'I2C'),
(20, 200, 1, 'VIN'),
(20, 210, 1, 'SHIELD'),
(20, 216, 50, 'N/A'),
(20, 219, 2, 'D26'),
(20, 224, 4, 'D22-D25'),
(21, 1, 1, 'D22'),
(21, 21, 1, 'A4'),
(21, 44, 4, 'A0-A3'),
(21, 95, 1, 'D24-D31'),
(21, 129, 1, 'I2C'),
(21, 200, 1, 'VIN'),
(22, 4, 1, 'I2C'),
(22, 21, 1, 'A0'),
(22, 130, 1, 'I2C'),
(22, 186, 1, 'SPI'),
(22, 203, 1, '3.3V'),
(22, 214, 1, 'N/A'),
(22, 217, 20, 'N/A'),
(22, 220, 3, 'N/A'),
(23, 11, 1, 'D1/D2'),
(23, 39, 1, 'A0'),
(23, 128, 1, 'I2C'),
(23, 204, 1, '3.3V'),
(23, 214, 1, 'N/A'),
(23, 216, 15, 'N/A'),
(23, 219, 3, 'D5-D7'),
(23, 220, 3, 'N/A'),
(24, 2, 1, 'D2'),
(24, 92, 1, 'D3'),
(24, 107, 1, 'N/A'),
(24, 198, 1, '5V'),
(25, 46, 1, 'A1'),
(25, 53, 1, 'A0'),
(25, 92, 1, 'D7'),
(25, 102, 1, 'D8'),
(25, 128, 1, 'I2C'),
(25, 198, 1, '5V'),
(25, 214, 1, 'N/A'),
(25, 216, 12, 'N/A'),
(26, 17, 1, 'I2C'),
(26, 130, 1, 'I2C'),
(26, 186, 1, 'SPI'),
(26, 203, 1, '3.3V'),
(26, 214, 1, 'N/A'),
(26, 216, 15, 'N/A'),
(26, 219, 1, 'D4'),
(26, 220, 1, 'N/A'),
(27, 69, 1, 'D2'),
(27, 128, 1, 'I2C'),
(27, 187, 1, 'I2C'),
(27, 199, 1, '5V'),
(27, 214, 1, 'N/A'),
(27, 216, 10, 'N/A'),
(27, 220, 2, 'N/A'),
(27, 224, 1, 'D3'),
(28, 2, 1, 'D4'),
(28, 102, 1, 'D5'),
(28, 187, 1, 'I2C'),
(28, 204, 1, '3.3V'),
(28, 214, 1, 'N/A'),
(28, 216, 10, 'N/A'),
(28, 219, 2, 'D6/D7'),
(28, 220, 2, 'N/A'),
(29, 69, 1, 'D15'),
(29, 101, 1, 'D2'),
(29, 186, 1, 'SPI'),
(29, 203, 1, '3.3V'),
(29, 214, 1, 'N/A'),
(29, 217, 12, 'N/A'),
(29, 219, 1, 'D4'),
(29, 220, 1, 'N/A'),
(30, 44, 3, 'A0-A2'),
(30, 88, 2, 'N/A'),
(30, 92, 2, 'D22-D23'),
(30, 128, 1, 'I2C'),
(30, 187, 1, 'I2C'),
(30, 200, 1, 'VIN'),
(30, 214, 2, 'N/A'),
(30, 216, 30, 'N/A'),
(31, 21, 1, 'A0'),
(31, 102, 1, 'D4'),
(31, 122, 1, 'D3'),
(31, 199, 1, '5V'),
(32, 14, 1, 'D13'),
(32, 92, 1, 'D12'),
(32, 102, 1, 'D14'),
(32, 186, 1, 'Interne'),
(32, 205, 1, '5V'),
(32, 217, 10, 'N/A'),
(32, 219, 1, 'D4'),
(32, 220, 1, 'N/A'),
(33, 57, 1, 'D2-D9'),
(33, 73, 1, 'PWM~10'),
(33, 128, 1, 'I2C'),
(33, 198, 1, '5V'),
(34, 93, 1, 'D1/D2'),
(34, 187, 1, 'I2C'),
(34, 204, 1, '3.3V'),
(34, 214, 1, 'N/A'),
(34, 216, 15, 'N/A'),
(34, 219, 2, 'D3/D4'),
(34, 220, 2, 'N/A'),
(34, 224, 1, 'D5'),
(35, 16, 1, 'A0'),
(35, 102, 1, 'D4'),
(35, 141, 1, 'D2/D3'),
(35, 198, 1, '5V'),
(35, 214, 1, 'N/A'),
(35, 216, 15, 'N/A'),
(35, 220, 1, 'N/A'),
(35, 224, 1, 'D5'),
(36, 31, 1, 'A0'),
(36, 102, 1, 'D5'),
(36, 203, 1, '3.3V'),
(37, 102, 1, 'D2'),
(37, 128, 1, 'I2C'),
(37, 175, 1, 'SPI'),
(37, 186, 1, 'SPI_2'),
(37, 203, 1, '3.3V'),
(37, 214, 1, 'N/A'),
(37, 217, 20, 'N/A'),
(37, 219, 2, 'D4/D5'),
(38, 71, 1, 'D2'),
(38, 102, 1, 'D3'),
(38, 186, 1, 'SPI'),
(38, 199, 1, '5V'),
(38, 214, 1, 'N/A'),
(38, 216, 10, 'N/A'),
(38, 219, 1, 'D5'),
(38, 224, 1, 'D4'),
(39, 70, 1, 'D1'),
(39, 102, 1, 'D2'),
(39, 204, 1, '3.3V'),
(39, 214, 1, 'N/A'),
(39, 216, 8, 'N/A'),
(39, 219, 1, 'D3'),
(39, 220, 1, 'N/A'),
(39, 224, 1, 'D4'),
(40, 63, 1, 'RX/TX'),
(40, 92, 1, 'D7'),
(40, 101, 1, 'D8'),
(40, 128, 1, 'I2C'),
(40, 198, 1, '5V'),
(40, 214, 1, 'N/A'),
(40, 217, 15, 'N/A'),
(40, 219, 2, 'D9/D10'),
(41, 187, 1, 'I2C'),
(41, 198, 1, '5V'),
(41, 219, 20, 'D2-D13'),
(41, 220, 20, 'N/A'),
(42, 101, 1, 'D8'),
(42, 130, 1, 'I2C'),
(42, 198, 1, '5V'),
(42, 222, 2, 'A0/A1'),
(43, 147, 64, 'MULTI'),
(43, 200, 1, '5V'),
(43, 214, 1, 'N/A'),
(43, 220, 64, 'N/A'),
(44, 141, 1, 'D4/D5'),
(44, 203, 1, '3.3V'),
(45, 21, 6, 'A0-A5'),
(45, 102, 1, 'D8'),
(45, 122, 6, 'D2-D7'),
(45, 200, 1, 'VIN'),
(45, 214, 2, 'N/A'),
(45, 216, 40, 'N/A'),
(45, 220, 6, 'N/A'),
(45, 224, 2, 'D9/D10'),
(46, 72, 2, 'D5/D6'),
(46, 101, 1, 'D8'),
(46, 130, 1, 'I2C'),
(46, 204, 1, '3.3V'),
(46, 214, 1, 'N/A'),
(46, 217, 15, 'N/A'),
(46, 219, 1, 'D7'),
(46, 220, 1, 'N/A'),
(47, 101, 1, 'D10'),
(47, 198, 1, '5V'),
(47, 214, 1, 'N/A'),
(47, 216, 25, 'N/A'),
(47, 219, 4, 'D6-D9'),
(47, 220, 4, 'N/A'),
(47, 224, 4, 'D2-D5'),
(47, 225, 1, 'D11'),
(48, 102, 1, 'D5'),
(48, 141, 1, 'D1/D2'),
(48, 204, 1, '3.3V'),
(48, 214, 1, 'N/A'),
(48, 217, 10, 'N/A'),
(48, 219, 1, 'D3'),
(48, 220, 1, 'N/A'),
(48, 224, 1, 'D4'),
(49, 4, 1, 'I2C'),
(49, 135, 1, 'SPI'),
(49, 186, 1, 'SPI_2'),
(49, 203, 1, '3.3V'),
(49, 214, 1, 'N/A'),
(49, 217, 20, 'N/A'),
(49, 220, 2, 'N/A'),
(49, 224, 2, 'D12/D13'),
(50, 62, 1, 'D2-D9'),
(50, 100, 1, 'AudioOut'),
(50, 128, 1, 'I2C'),
(50, 188, 1, 'D10'),
(50, 198, 1, '5V'),
(50, 214, 1, 'N/A'),
(50, 216, 25, 'N/A'),
(50, 224, 1, 'D11');

-- --------------------------------------------------------

--
-- Table structure for table `releves_capteurs`
--

CREATE TABLE `releves_capteurs` (
  `id_releve` int(11) NOT NULL,
  `id_projet` int(11) NOT NULL,
  `type_mesure` varchar(50) NOT NULL,
  `valeur` decimal(8,2) NOT NULL,
  `unite` varchar(10) NOT NULL,
  `heure_releve` datetime DEFAULT current_timestamp()
) ENGINE=InnoDB DEFAULT CHARSET=latin1 COLLATE=latin1_swedish_ci;

--
-- Dumping data for table `releves_capteurs`
--

INSERT INTO `releves_capteurs` (`id_releve`, `id_projet`, `type_mesure`, `valeur`, `unite`, `heure_releve`) VALUES
(1, 1, 'Température', 12.40, '°C', '2024-04-10 08:00:00'),
(2, 1, 'Humidité', 78.00, '%', '2024-04-10 08:00:00'),
(3, 1, 'Pression', 1012.50, 'hPa', '2024-04-10 08:00:00'),
(4, 1, 'Température', 18.50, '°C', '2024-04-10 13:00:00'),
(5, 1, 'Humidité', 55.20, '%', '2024-04-10 13:00:00'),
(6, 1, 'Pression', 1013.10, 'hPa', '2024-04-10 13:00:00'),
(7, 1, 'Température', 15.20, '°C', '2024-04-10 19:00:00'),
(8, 1, 'Humidité', 65.00, '%', '2024-04-10 19:00:00'),
(9, 1, 'Pression', 1015.00, 'hPa', '2024-04-10 19:00:00'),
(10, 1, 'Température', 14.10, '°C', '2024-04-11 08:00:00'),
(11, 1, 'Humidité', 70.50, '%', '2024-04-11 08:00:00'),
(12, 1, 'Pression', 1016.20, 'hPa', '2024-04-11 08:00:00'),
(13, 1, 'Température', 22.80, '°C', '2024-04-11 13:00:00'),
(14, 1, 'Humidité', 45.00, '%', '2024-04-11 13:00:00'),
(15, 1, 'Pression', 1015.80, 'hPa', '2024-04-11 13:00:00'),
(16, 1, 'Température', 17.90, '°C', '2024-04-11 19:00:00'),
(17, 1, 'Humidité', 58.50, '%', '2024-04-11 19:00:00'),
(18, 1, 'Pression', 1017.00, 'hPa', '2024-04-11 19:00:00'),
(19, 1, 'Température', 11.50, '°C', '2024-04-12 08:00:00'),
(20, 1, 'Humidité', 92.00, '%', '2024-04-12 08:00:00'),
(21, 1, 'Pression', 1005.10, 'hPa', '2024-04-12 08:00:00'),
(22, 1, 'Température', 13.20, '°C', '2024-04-12 13:00:00'),
(23, 1, 'Humidité', 89.50, '%', '2024-04-12 13:00:00'),
(24, 1, 'Pression', 1003.80, 'hPa', '2024-04-12 13:00:00'),
(25, 1, 'Température', 12.00, '°C', '2024-04-12 19:00:00'),
(26, 1, 'Humidité', 95.00, '%', '2024-04-12 19:00:00'),
(27, 1, 'Pression', 1002.50, 'hPa', '2024-04-12 19:00:00'),
(28, 1, 'Température', 9.50, '°C', '2024-04-10 03:15:00'),
(29, 1, 'Humidité', 82.10, '%', '2024-04-10 03:15:00'),
(30, 1, 'Pression', 1012.00, 'hPa', '2024-04-10 03:15:00'),
(31, 1, 'Température', 10.20, '°C', '2024-04-11 04:30:00'),
(32, 1, 'Humidité', 80.50, '%', '2024-04-11 04:30:00'),
(33, 1, 'Pression', 1016.50, 'hPa', '2024-04-11 04:30:00'),
(34, 1, 'Température', 8.80, '°C', '2024-04-12 02:45:00'),
(35, 1, 'Humidité', 98.00, '%', '2024-04-12 02:45:00'),
(36, 1, 'Pression', 1008.20, 'hPa', '2024-04-12 02:45:00'),
(37, 1, 'Température', 15.00, '°C', '2024-04-10 10:30:00'),
(38, 1, 'Humidité', 60.50, '%', '2024-04-10 10:30:00'),
(39, 1, 'Pression', 1012.80, 'hPa', '2024-04-10 10:30:00'),
(40, 1, 'Température', 20.10, '°C', '2024-04-11 15:45:00'),
(41, 1, 'Humidité', 48.20, '%', '2024-04-11 15:45:00'),
(42, 1, 'Pression', 1016.00, 'hPa', '2024-04-11 15:45:00'),
(43, 3, 'Température', 19.50, '°C', '2024-04-10 06:00:00'),
(44, 3, 'Humidité', 45.00, '%', '2024-04-10 06:00:00'),
(45, 3, 'Température', 21.00, '°C', '2024-04-10 08:30:00'),
(46, 3, 'Humidité', 43.50, '%', '2024-04-10 08:30:00'),
(47, 3, 'Température', 20.80, '°C', '2024-04-10 12:00:00'),
(48, 3, 'Humidité', 44.00, '%', '2024-04-10 12:00:00'),
(49, 3, 'Température', 21.20, '°C', '2024-04-10 18:00:00'),
(50, 3, 'Humidité', 48.00, '%', '2024-04-10 18:00:00'),
(51, 3, 'Température', 19.00, '°C', '2024-04-10 23:00:00'),
(52, 3, 'Humidité', 46.50, '%', '2024-04-10 23:00:00'),
(53, 3, 'Température', 19.20, '°C', '2024-04-11 06:00:00'),
(54, 3, 'Humidité', 45.20, '%', '2024-04-11 06:00:00'),
(55, 3, 'Température', 21.50, '°C', '2024-04-11 08:30:00'),
(56, 3, 'Humidité', 42.00, '%', '2024-04-11 08:30:00'),
(57, 3, 'Température', 21.40, '°C', '2024-04-11 12:00:00'),
(58, 3, 'Humidité', 43.10, '%', '2024-04-11 12:00:00'),
(59, 3, 'Température', 21.80, '°C', '2024-04-11 18:00:00'),
(60, 3, 'Humidité', 49.50, '%', '2024-04-11 18:00:00'),
(61, 3, 'Température', 19.50, '°C', '2024-04-11 23:00:00'),
(62, 3, 'Humidité', 47.00, '%', '2024-04-11 23:00:00'),
(63, 3, 'Température', 19.40, '°C', '2024-04-12 06:00:00'),
(64, 3, 'Humidité', 46.00, '%', '2024-04-12 06:00:00'),
(65, 3, 'Température', 21.00, '°C', '2024-04-12 08:30:00'),
(66, 3, 'Humidité', 44.50, '%', '2024-04-12 08:30:00'),
(67, 3, 'Température', 20.90, '°C', '2024-04-12 12:00:00'),
(68, 3, 'Humidité', 45.00, '%', '2024-04-12 12:00:00'),
(69, 3, 'Température', 21.30, '°C', '2024-04-12 18:00:00'),
(70, 3, 'Humidité', 50.20, '%', '2024-04-12 18:00:00'),
(71, 3, 'Température', 19.10, '°C', '2024-04-12 23:00:00'),
(72, 3, 'Humidité', 48.00, '%', '2024-04-12 23:00:00'),
(73, 21, 'Température', 22.00, '°C', '2024-04-10 09:00:00'),
(74, 21, 'Humidité Sol', 45.00, '%', '2024-04-10 09:00:00'),
(75, 21, 'Luminosité', 12000.00, 'lux', '2024-04-10 09:00:00'),
(76, 21, 'Température', 28.50, '°C', '2024-04-10 14:00:00'),
(77, 21, 'Humidité Sol', 38.50, '%', '2024-04-10 14:00:00'),
(78, 21, 'Luminosité', 45000.00, 'lux', '2024-04-10 14:00:00'),
(79, 21, 'Température', 18.00, '°C', '2024-04-10 21:00:00'),
(80, 21, 'Humidité Sol', 35.00, '%', '2024-04-10 21:00:00'),
(81, 21, 'Luminosité', 0.00, 'lux', '2024-04-10 21:00:00'),
(82, 21, 'Température', 23.50, '°C', '2024-04-11 09:00:00'),
(83, 21, 'Humidité Sol', 30.20, '%', '2024-04-11 09:00:00'),
(84, 21, 'Luminosité', 15000.00, 'lux', '2024-04-11 09:00:00'),
(85, 21, 'Température', 30.10, '°C', '2024-04-11 14:00:00'),
(86, 21, 'Humidité Sol', 22.50, '%', '2024-04-11 14:00:00'),
(87, 21, 'Luminosité', 50000.00, 'lux', '2024-04-11 14:00:00'),
(88, 21, 'Température', 19.50, '°C', '2024-04-11 21:00:00'),
(89, 21, 'Humidité Sol', 85.00, '%', '2024-04-11 21:00:00'),
(90, 21, 'Luminosité', 0.00, 'lux', '2024-04-11 21:00:00'),
(91, 21, 'Température', 21.00, '°C', '2024-04-12 09:00:00'),
(92, 21, 'Humidité Sol', 82.00, '%', '2024-04-12 09:00:00'),
(93, 21, 'Luminosité', 8000.00, 'lux', '2024-04-12 09:00:00'),
(94, 21, 'Température', 25.50, '°C', '2024-04-12 14:00:00'),
(95, 21, 'Humidité Sol', 75.50, '%', '2024-04-12 14:00:00'),
(96, 21, 'Luminosité', 20000.00, 'lux', '2024-04-12 14:00:00'),
(97, 21, 'Température', 17.50, '°C', '2024-04-12 21:00:00'),
(98, 21, 'Humidité Sol', 72.00, '%', '2024-04-12 21:00:00'),
(99, 21, 'Luminosité', 0.00, 'lux', '2024-04-12 21:00:00'),
(100, 21, 'Température', 24.00, '°C', '2024-04-10 11:30:00'),
(101, 21, 'Humidité Sol', 41.50, '%', '2024-04-10 11:30:00'),
(102, 21, 'Luminosité', 32000.00, 'lux', '2024-04-10 11:30:00'),
(103, 21, 'Température', 26.20, '°C', '2024-04-11 11:30:00'),
(104, 21, 'Humidité Sol', 26.80, '%', '2024-04-11 11:30:00'),
(105, 21, 'Luminosité', 35000.00, 'lux', '2024-04-11 11:30:00'),
(106, 21, 'Température', 22.80, '°C', '2024-04-12 11:30:00'),
(107, 21, 'Humidité Sol', 79.20, '%', '2024-04-12 11:30:00'),
(108, 21, 'Luminosité', 12000.00, 'lux', '2024-04-12 11:30:00'),
(109, 8, 'CO2', 415.00, 'ppm', '2024-04-10 07:00:00'),
(110, 8, 'CO', 0.50, 'ppm', '2024-04-10 07:00:00'),
(111, 8, 'CO2', 580.00, 'ppm', '2024-04-10 10:00:00'),
(112, 8, 'CO', 0.80, 'ppm', '2024-04-10 10:00:00'),
(113, 8, 'CO2', 1250.00, 'ppm', '2024-04-10 15:00:00'),
(114, 8, 'CO', 1.20, 'ppm', '2024-04-10 15:00:00'),
(115, 8, 'CO2', 600.00, 'ppm', '2024-04-10 18:00:00'),
(116, 8, 'CO', 0.60, 'ppm', '2024-04-10 18:00:00'),
(117, 8, 'CO2', 420.00, 'ppm', '2024-04-10 22:00:00'),
(118, 8, 'CO', 0.40, 'ppm', '2024-04-10 22:00:00'),
(119, 8, 'CO2', 410.00, 'ppm', '2024-04-11 07:00:00'),
(120, 8, 'CO', 0.50, 'ppm', '2024-04-11 07:00:00'),
(121, 8, 'CO2', 650.00, 'ppm', '2024-04-11 10:00:00'),
(122, 8, 'CO', 0.90, 'ppm', '2024-04-11 10:00:00'),
(123, 8, 'CO2', 950.00, 'ppm', '2024-04-11 15:00:00'),
(124, 8, 'CO', 1.00, 'ppm', '2024-04-11 15:00:00'),
(125, 8, 'CO2', 550.00, 'ppm', '2024-04-11 18:00:00'),
(126, 8, 'CO', 0.50, 'ppm', '2024-04-11 18:00:00'),
(127, 8, 'CO2', 415.00, 'ppm', '2024-04-11 22:00:00'),
(128, 8, 'CO', 0.40, 'ppm', '2024-04-11 22:00:00'),
(129, 8, 'CO2', 405.00, 'ppm', '2024-04-12 07:00:00'),
(130, 8, 'CO', 0.30, 'ppm', '2024-04-12 07:00:00'),
(131, 8, 'CO2', 450.00, 'ppm', '2024-04-12 10:00:00'),
(132, 8, 'CO', 0.50, 'ppm', '2024-04-12 10:00:00'),
(133, 8, 'CO2', 480.00, 'ppm', '2024-04-12 15:00:00'),
(134, 8, 'CO', 0.40, 'ppm', '2024-04-12 15:00:00'),
(135, 8, 'CO2', 430.00, 'ppm', '2024-04-12 18:00:00'),
(136, 8, 'CO', 0.40, 'ppm', '2024-04-12 18:00:00'),
(137, 8, 'CO2', 410.00, 'ppm', '2024-04-12 22:00:00'),
(138, 8, 'CO', 0.40, 'ppm', '2024-04-12 22:00:00'),
(139, 5, 'Humidité Sol', 80.00, '%', '2024-04-10 08:00:00'),
(140, 5, 'Niveau Eau', 15.00, 'cm', '2024-04-10 08:00:00'),
(141, 5, 'Humidité Sol', 70.00, '%', '2024-04-10 20:00:00'),
(142, 5, 'Niveau Eau', 15.00, 'cm', '2024-04-10 20:00:00'),
(143, 5, 'Humidité Sol', 55.00, '%', '2024-04-11 08:00:00'),
(144, 5, 'Niveau Eau', 15.00, 'cm', '2024-04-11 08:00:00'),
(145, 5, 'Humidité Sol', 35.00, '%', '2024-04-11 20:00:00'),
(146, 5, 'Niveau Eau', 15.00, 'cm', '2024-04-11 20:00:00'),
(147, 5, 'Humidité Sol', 20.00, '%', '2024-04-12 07:55:00'),
(148, 5, 'Niveau Eau', 15.00, 'cm', '2024-04-12 07:55:00'),
(149, 5, 'Humidité Sol', 85.00, '%', '2024-04-12 08:05:00'),
(150, 5, 'Niveau Eau', 12.50, 'cm', '2024-04-12 08:05:00'),
(151, 5, 'Humidité Sol', 82.00, '%', '2024-04-12 20:00:00'),
(152, 5, 'Niveau Eau', 12.50, 'cm', '2024-04-12 20:00:00'),
(153, 5, 'Humidité Sol', 75.00, '%', '2024-04-13 08:00:00'),
(154, 5, 'Niveau Eau', 12.50, 'cm', '2024-04-13 08:00:00'),
(155, 5, 'Humidité Sol', 60.00, '%', '2024-04-13 20:00:00'),
(156, 5, 'Niveau Eau', 12.50, 'cm', '2024-04-13 20:00:00'),
(157, 5, 'Humidité Sol', 45.00, '%', '2024-04-14 08:00:00'),
(158, 5, 'Niveau Eau', 12.50, 'cm', '2024-04-14 08:00:00'),
(159, 5, 'Humidité Sol', 25.00, '%', '2024-04-14 20:00:00'),
(160, 5, 'Niveau Eau', 12.50, 'cm', '2024-04-14 20:00:00'),
(161, 5, 'Humidité Sol', 90.00, '%', '2024-04-14 20:05:00'),
(162, 5, 'Niveau Eau', 10.00, 'cm', '2024-04-14 20:05:00'),
(163, 5, 'Humidité Sol', 88.00, '%', '2024-04-15 08:00:00'),
(164, 5, 'Niveau Eau', 10.00, 'cm', '2024-04-15 08:00:00'),
(165, 5, 'Humidité Sol', 78.00, '%', '2024-04-15 20:00:00'),
(166, 5, 'Niveau Eau', 10.00, 'cm', '2024-04-15 20:00:00'),
(167, 5, 'Humidité Sol', 65.00, '%', '2024-04-16 08:00:00'),
(168, 5, 'Niveau Eau', 10.00, 'cm', '2024-04-16 08:00:00'),
(169, 25, 'pH', 7.10, 'pH', '2024-04-10 10:00:00'),
(170, 25, 'Niveau Eau', 40.00, 'cm', '2024-04-10 10:00:00'),
(171, 25, 'pH', 7.10, 'pH', '2024-04-10 22:00:00'),
(172, 25, 'Niveau Eau', 39.90, 'cm', '2024-04-10 22:00:00'),
(173, 25, 'pH', 7.20, 'pH', '2024-04-11 10:00:00'),
(174, 25, 'Niveau Eau', 39.80, 'cm', '2024-04-11 10:00:00'),
(175, 25, 'pH', 7.20, 'pH', '2024-04-11 22:00:00'),
(176, 25, 'Niveau Eau', 39.60, 'cm', '2024-04-11 22:00:00'),
(177, 25, 'pH', 7.00, 'pH', '2024-04-12 10:00:00'),
(178, 25, 'Niveau Eau', 39.50, 'cm', '2024-04-12 10:00:00'),
(179, 25, 'pH', 7.00, 'pH', '2024-04-12 22:00:00'),
(180, 25, 'Niveau Eau', 39.40, 'cm', '2024-04-12 22:00:00'),
(181, 25, 'pH', 7.10, 'pH', '2024-04-13 10:00:00'),
(182, 25, 'Niveau Eau', 39.20, 'cm', '2024-04-13 10:00:00'),
(183, 25, 'pH', 7.10, 'pH', '2024-04-13 22:00:00'),
(184, 25, 'Niveau Eau', 39.10, 'cm', '2024-04-13 22:00:00'),
(185, 25, 'pH', 7.20, 'pH', '2024-04-14 10:00:00'),
(186, 25, 'Niveau Eau', 40.00, 'cm', '2024-04-14 10:00:00'),
(187, 25, 'pH', 7.20, 'pH', '2024-04-14 22:00:00'),
(188, 25, 'Niveau Eau', 39.90, 'cm', '2024-04-14 22:00:00'),
(189, 11, 'Distance', 120.50, 'cm', '2024-04-11 14:05:01'),
(190, 11, 'Distance', 95.00, 'cm', '2024-04-11 14:05:02'),
(191, 11, 'Distance', 70.20, 'cm', '2024-04-11 14:05:03'),
(192, 11, 'Distance', 45.00, 'cm', '2024-04-11 14:05:04'),
(193, 11, 'Distance', 20.10, 'cm', '2024-04-11 14:05:05'),
(194, 11, 'Distance', 10.50, 'cm', '2024-04-11 14:05:06'),
(195, 11, 'Distance', 12.00, 'cm', '2024-04-11 14:05:07'),
(196, 11, 'Distance', 45.00, 'cm', '2024-04-11 14:05:08'),
(197, 11, 'Distance', 150.00, 'cm', '2024-04-11 14:05:09'),
(198, 11, 'Distance', 125.50, 'cm', '2024-04-11 14:05:10'),
(199, 11, 'Distance', 100.00, 'cm', '2024-04-11 14:05:11'),
(200, 11, 'Distance', 75.20, 'cm', '2024-04-11 14:05:12'),
(201, 11, 'Distance', 50.80, 'cm', '2024-04-11 14:05:13'),
(202, 11, 'Distance', 25.40, 'cm', '2024-04-11 14:05:14'),
(203, 11, 'Distance', 8.20, 'cm', '2024-04-11 14:05:15'),
(204, 11, 'Distance', 8.20, 'cm', '2024-04-11 14:05:16'),
(205, 11, 'Distance', 30.00, 'cm', '2024-04-11 14:05:17'),
(206, 11, 'Distance', 80.50, 'cm', '2024-04-11 14:05:18'),
(207, 11, 'Distance', 200.00, 'cm', '2024-04-11 14:05:19'),
(208, 11, 'Distance', 180.00, 'cm', '2024-04-11 14:05:20'),
(209, 35, 'Vitesse', 45.20, 'km/h', '2024-04-10 08:14:22'),
(210, 35, 'Vitesse', 52.00, 'km/h', '2024-04-10 08:19:05'),
(211, 35, 'Vitesse', 38.50, 'km/h', '2024-04-10 08:35:10'),
(212, 35, 'Vitesse', 61.80, 'km/h', '2024-04-10 09:02:44'),
(213, 35, 'Vitesse', 48.10, 'km/h', '2024-04-10 11:20:15'),
(214, 35, 'Vitesse', 49.50, 'km/h', '2024-04-10 14:45:00'),
(215, 35, 'Vitesse', 72.40, 'km/h', '2024-04-10 22:15:30'),
(216, 35, 'Vitesse', 42.00, 'km/h', '2024-04-11 07:30:10'),
(217, 35, 'Vitesse', 50.10, 'km/h', '2024-04-11 08:05:20'),
(218, 35, 'Vitesse', 55.50, 'km/h', '2024-04-11 12:30:45'),
(219, 35, 'Vitesse', 44.40, 'km/h', '2024-04-11 16:10:12'),
(220, 35, 'Vitesse', 35.00, 'km/h', '2024-04-11 17:05:05'),
(221, 35, 'Vitesse', 28.50, 'km/h', '2024-04-11 17:08:10'),
(222, 35, 'Vitesse', 47.80, 'km/h', '2024-04-12 09:15:20'),
(223, 35, 'Vitesse', 51.20, 'km/h', '2024-04-12 10:40:55'),
(224, 28, 'Température', 8.50, '°C', '2024-04-11 20:00:00'),
(225, 28, 'Température', 6.20, '°C', '2024-04-11 22:00:00'),
(226, 28, 'Température', 4.10, '°C', '2024-04-11 23:00:00'),
(227, 28, 'Température', 2.80, '°C', '2024-04-12 00:00:00'),
(228, 28, 'Température', 1.50, '°C', '2024-04-12 01:00:00'),
(229, 28, 'Température', 0.80, '°C', '2024-04-12 02:00:00'),
(230, 28, 'Température', 0.20, '°C', '2024-04-12 03:00:00'),
(231, 28, 'Température', -0.50, '°C', '2024-04-12 04:00:00'),
(232, 28, 'Température', -1.20, '°C', '2024-04-12 05:00:00'),
(233, 28, 'Température', -1.50, '°C', '2024-04-12 06:00:00'),
(234, 28, 'Température', -0.20, '°C', '2024-04-12 07:00:00'),
(235, 28, 'Température', 1.50, '°C', '2024-04-12 08:00:00'),
(236, 28, 'Température', 4.00, '°C', '2024-04-12 09:00:00'),
(237, 28, 'Température', 7.50, '°C', '2024-04-12 10:00:00'),
(238, 28, 'Température', 12.20, '°C', '2024-04-12 12:00:00'),
(239, 17, 'Altitude', 0.00, 'm', '2024-04-15 14:00:00'),
(240, 17, 'Batterie', 12.60, 'V', '2024-04-15 14:00:00'),
(241, 17, 'Altitude', 0.00, 'm', '2024-04-15 14:00:01'),
(242, 17, 'Batterie', 12.60, 'V', '2024-04-15 14:00:01'),
(243, 17, 'Altitude', 1.20, 'm', '2024-04-15 14:00:02'),
(244, 17, 'Batterie', 12.20, 'V', '2024-04-15 14:00:02'),
(245, 17, 'Altitude', 3.50, 'm', '2024-04-15 14:00:03'),
(246, 17, 'Batterie', 12.10, 'V', '2024-04-15 14:00:03'),
(247, 17, 'Altitude', 6.80, 'm', '2024-04-15 14:00:04'),
(248, 17, 'Batterie', 12.00, 'V', '2024-04-15 14:00:04'),
(249, 17, 'Altitude', 10.50, 'm', '2024-04-15 14:00:05'),
(250, 17, 'Batterie', 11.90, 'V', '2024-04-15 14:00:05'),
(251, 17, 'Altitude', 15.20, 'm', '2024-04-15 14:00:06'),
(252, 17, 'Batterie', 11.80, 'V', '2024-04-15 14:00:06'),
(253, 17, 'Altitude', 20.00, 'm', '2024-04-15 14:00:07'),
(254, 17, 'Batterie', 11.70, 'V', '2024-04-15 14:00:07'),
(255, 17, 'Altitude', 25.40, 'm', '2024-04-15 14:00:08'),
(256, 17, 'Batterie', 11.60, 'V', '2024-04-15 14:00:08'),
(257, 17, 'Altitude', 30.10, 'm', '2024-04-15 14:00:09'),
(258, 17, 'Batterie', 11.50, 'V', '2024-04-15 14:00:09'),
(259, 17, 'Altitude', 30.00, 'm', '2024-04-15 14:00:10'),
(260, 17, 'Batterie', 11.60, 'V', '2024-04-15 14:00:10'),
(261, 17, 'Altitude', 30.20, 'm', '2024-04-15 14:00:11'),
(262, 17, 'Batterie', 11.60, 'V', '2024-04-15 14:00:11'),
(263, 17, 'Altitude', 29.80, 'm', '2024-04-15 14:00:12'),
(264, 17, 'Batterie', 11.50, 'V', '2024-04-15 14:00:12'),
(265, 17, 'Altitude', 30.10, 'm', '2024-04-15 14:00:13'),
(266, 17, 'Batterie', 11.50, 'V', '2024-04-15 14:00:13'),
(267, 17, 'Altitude', 25.50, 'm', '2024-04-15 14:00:14'),
(268, 17, 'Batterie', 11.60, 'V', '2024-04-15 14:00:14'),
(269, 17, 'Altitude', 20.20, 'm', '2024-04-15 14:00:15'),
(270, 17, 'Batterie', 11.60, 'V', '2024-04-15 14:00:15'),
(271, 17, 'Altitude', 15.00, 'm', '2024-04-15 14:00:16'),
(272, 17, 'Batterie', 11.60, 'V', '2024-04-15 14:00:16'),
(273, 17, 'Altitude', 10.50, 'm', '2024-04-15 14:00:17'),
(274, 17, 'Batterie', 11.60, 'V', '2024-04-15 14:00:17'),
(275, 17, 'Altitude', 5.20, 'm', '2024-04-15 14:00:18'),
(276, 17, 'Batterie', 11.50, 'V', '2024-04-15 14:00:18'),
(277, 17, 'Altitude', 2.10, 'm', '2024-04-15 14:00:19'),
(278, 17, 'Batterie', 11.50, 'V', '2024-04-15 14:00:19'),
(279, 17, 'Altitude', 0.50, 'm', '2024-04-15 14:00:20'),
(280, 17, 'Batterie', 11.40, 'V', '2024-04-15 14:00:20'),
(281, 17, 'Altitude', 0.00, 'm', '2024-04-15 14:00:21'),
(282, 17, 'Batterie', 11.80, 'V', '2024-04-15 14:00:21'),
(283, 17, 'Altitude', 0.00, 'm', '2024-04-15 14:00:22'),
(284, 17, 'Batterie', 11.80, 'V', '2024-04-15 14:00:22'),
(285, 17, 'Altitude', 0.00, 'm', '2024-04-15 14:00:23'),
(286, 17, 'Batterie', 11.80, 'V', '2024-04-15 14:00:23'),
(287, 17, 'Altitude', 0.00, 'm', '2024-04-15 14:00:24'),
(288, 17, 'Batterie', 11.80, 'V', '2024-04-15 14:00:24'),
(289, 17, 'Altitude', 0.00, 'm', '2024-04-15 15:30:00'),
(290, 17, 'Batterie', 12.60, 'V', '2024-04-15 15:30:00'),
(291, 17, 'Altitude', 8.50, 'm', '2024-04-15 15:30:05'),
(292, 17, 'Batterie', 11.90, 'V', '2024-04-15 15:30:05'),
(293, 17, 'Altitude', 16.20, 'm', '2024-04-15 15:30:10'),
(294, 17, 'Batterie', 11.70, 'V', '2024-04-15 15:30:10'),
(295, 17, 'Altitude', 45.00, 'm', '2024-04-15 15:30:15'),
(296, 17, 'Batterie', 11.20, 'V', '2024-04-15 15:30:15'),
(297, 17, 'Altitude', 44.80, 'm', '2024-04-15 15:30:20'),
(298, 17, 'Batterie', 11.30, 'V', '2024-04-15 15:30:20'),
(299, 17, 'Altitude', 20.50, 'm', '2024-04-15 15:30:25'),
(300, 17, 'Batterie', 11.50, 'V', '2024-04-15 15:30:25'),
(301, 17, 'Altitude', 0.00, 'm', '2024-04-15 15:30:30'),
(302, 17, 'Batterie', 11.70, 'V', '2024-04-15 15:30:30'),
(303, 17, 'Altitude', -0.50, 'm', '2024-04-15 15:35:00'),
(304, 17, 'Batterie', 11.70, 'V', '2024-04-15 15:35:00'),
(305, 17, 'Altitude', -1.20, 'm', '2024-04-15 15:35:01'),
(306, 17, 'Batterie', 11.70, 'V', '2024-04-15 15:35:01'),
(307, 22, 'Tension Panneau', 0.00, 'V', '2024-04-10 04:00:00'),
(308, 22, 'Indice UV', 0.00, 'UV', '2024-04-10 04:00:00'),
(309, 22, 'Tension Panneau', 1.20, 'V', '2024-04-10 06:00:00'),
(310, 22, 'Indice UV', 0.50, 'UV', '2024-04-10 06:00:00'),
(311, 22, 'Tension Panneau', 3.80, 'V', '2024-04-10 08:00:00'),
(312, 22, 'Indice UV', 2.10, 'UV', '2024-04-10 08:00:00'),
(313, 22, 'Tension Panneau', 4.90, 'V', '2024-04-10 10:00:00'),
(314, 22, 'Indice UV', 5.50, 'UV', '2024-04-10 10:00:00'),
(315, 22, 'Tension Panneau', 5.10, 'V', '2024-04-10 12:00:00'),
(316, 22, 'Indice UV', 8.20, 'UV', '2024-04-10 12:00:00'),
(317, 22, 'Tension Panneau', 5.00, 'V', '2024-04-10 14:00:00'),
(318, 22, 'Indice UV', 7.80, 'UV', '2024-04-10 14:00:00'),
(319, 22, 'Tension Panneau', 4.20, 'V', '2024-04-10 16:00:00'),
(320, 22, 'Indice UV', 4.00, 'UV', '2024-04-10 16:00:00'),
(321, 22, 'Tension Panneau', 2.10, 'V', '2024-04-10 18:00:00'),
(322, 22, 'Indice UV', 1.20, 'UV', '2024-04-10 18:00:00'),
(323, 22, 'Tension Panneau', 0.00, 'V', '2024-04-10 20:00:00'),
(324, 22, 'Indice UV', 0.00, 'UV', '2024-04-10 20:00:00'),
(325, 22, 'Tension Panneau', 0.00, 'V', '2024-04-10 22:00:00'),
(326, 22, 'Indice UV', 0.00, 'UV', '2024-04-10 22:00:00'),
(327, 22, 'Tension Panneau', 0.00, 'V', '2024-04-11 04:00:00'),
(328, 22, 'Indice UV', 0.00, 'UV', '2024-04-11 04:00:00'),
(329, 22, 'Tension Panneau', 1.50, 'V', '2024-04-11 06:00:00'),
(330, 22, 'Indice UV', 0.80, 'UV', '2024-04-11 06:00:00'),
(331, 22, 'Tension Panneau', 4.00, 'V', '2024-04-11 08:00:00'),
(332, 22, 'Indice UV', 2.50, 'UV', '2024-04-11 08:00:00'),
(333, 22, 'Tension Panneau', 5.00, 'V', '2024-04-11 10:00:00'),
(334, 22, 'Indice UV', 6.00, 'UV', '2024-04-11 10:00:00'),
(335, 22, 'Tension Panneau', 5.20, 'V', '2024-04-11 12:00:00'),
(336, 22, 'Indice UV', 8.50, 'UV', '2024-04-11 12:00:00'),
(337, 22, 'Tension Panneau', 5.10, 'V', '2024-04-11 14:00:00'),
(338, 22, 'Indice UV', 8.00, 'UV', '2024-04-11 14:00:00'),
(339, 22, 'Tension Panneau', 4.50, 'V', '2024-04-11 16:00:00'),
(340, 22, 'Indice UV', 4.50, 'UV', '2024-04-11 16:00:00'),
(341, 22, 'Tension Panneau', 2.50, 'V', '2024-04-11 18:00:00'),
(342, 22, 'Indice UV', 1.50, 'UV', '2024-04-11 18:00:00'),
(343, 22, 'Tension Panneau', 0.00, 'V', '2024-04-11 20:00:00'),
(344, 22, 'Indice UV', 0.00, 'UV', '2024-04-11 20:00:00'),
(345, 22, 'Tension Panneau', 0.00, 'V', '2024-04-11 22:00:00'),
(346, 22, 'Indice UV', 0.00, 'UV', '2024-04-11 22:00:00'),
(347, 22, 'Tension Panneau', 0.00, 'V', '2024-04-12 04:00:00'),
(348, 22, 'Indice UV', 0.00, 'UV', '2024-04-12 04:00:00'),
(349, 22, 'Tension Panneau', 0.50, 'V', '2024-04-12 06:00:00'),
(350, 22, 'Indice UV', 0.10, 'UV', '2024-04-12 06:00:00'),
(351, 22, 'Tension Panneau', 1.20, 'V', '2024-04-12 08:00:00'),
(352, 22, 'Indice UV', 0.50, 'UV', '2024-04-12 08:00:00'),
(353, 22, 'Tension Panneau', 1.80, 'V', '2024-04-12 10:00:00'),
(354, 22, 'Indice UV', 1.00, 'UV', '2024-04-12 10:00:00'),
(355, 22, 'Tension Panneau', 2.50, 'V', '2024-04-12 12:00:00'),
(356, 22, 'Indice UV', 1.80, 'UV', '2024-04-12 12:00:00'),
(357, 22, 'Tension Panneau', 2.20, 'V', '2024-04-12 14:00:00'),
(358, 22, 'Indice UV', 1.50, 'UV', '2024-04-12 14:00:00'),
(359, 22, 'Tension Panneau', 1.50, 'V', '2024-04-12 16:00:00'),
(360, 22, 'Indice UV', 0.80, 'UV', '2024-04-12 16:00:00'),
(361, 22, 'Tension Panneau', 0.50, 'V', '2024-04-12 18:00:00'),
(362, 22, 'Indice UV', 0.20, 'UV', '2024-04-12 18:00:00'),
(363, 22, 'Tension Panneau', 0.00, 'V', '2024-04-12 20:00:00'),
(364, 22, 'Indice UV', 0.00, 'UV', '2024-04-12 20:00:00'),
(365, 22, 'Tension Panneau', 0.00, 'V', '2024-04-12 22:00:00'),
(366, 22, 'Indice UV', 0.00, 'UV', '2024-04-12 22:00:00'),
(367, 22, 'Tension Panneau', 0.00, 'V', '2024-04-13 04:00:00'),
(368, 22, 'Indice UV', 0.00, 'UV', '2024-04-13 04:00:00'),
(369, 22, 'Tension Panneau', 1.10, 'V', '2024-04-13 06:00:00'),
(370, 22, 'Indice UV', 0.40, 'UV', '2024-04-13 06:00:00'),
(371, 22, 'Tension Panneau', 3.50, 'V', '2024-04-13 08:00:00'),
(372, 22, 'Indice UV', 2.00, 'UV', '2024-04-13 08:00:00'),
(373, 22, 'Tension Panneau', 4.80, 'V', '2024-04-13 10:00:00'),
(374, 22, 'Indice UV', 5.20, 'UV', '2024-04-13 10:00:00'),
(375, 22, 'Tension Panneau', 5.00, 'V', '2024-04-13 12:00:00'),
(376, 22, 'Indice UV', 7.90, 'UV', '2024-04-13 12:00:00'),
(377, 22, 'Tension Panneau', 5.10, 'V', '2024-04-13 14:00:00'),
(378, 22, 'Indice UV', 8.10, 'UV', '2024-04-13 14:00:00'),
(379, 22, 'Tension Panneau', 4.30, 'V', '2024-04-13 16:00:00'),
(380, 22, 'Indice UV', 4.20, 'UV', '2024-04-13 16:00:00'),
(381, 22, 'Tension Panneau', 2.00, 'V', '2024-04-13 18:00:00'),
(382, 22, 'Indice UV', 1.00, 'UV', '2024-04-13 18:00:00'),
(383, 22, 'Tension Panneau', 0.00, 'V', '2024-04-13 20:00:00'),
(384, 22, 'Indice UV', 0.00, 'UV', '2024-04-13 20:00:00'),
(385, 22, 'Tension Panneau', 0.00, 'V', '2024-04-13 22:00:00'),
(386, 22, 'Indice UV', 0.00, 'UV', '2024-04-13 22:00:00'),
(387, 22, 'Tension Panneau', 0.00, 'V', '2024-04-14 04:00:00'),
(388, 22, 'Indice UV', 0.00, 'UV', '2024-04-14 04:00:00'),
(389, 22, 'Tension Panneau', 1.30, 'V', '2024-04-14 06:00:00'),
(390, 22, 'Indice UV', 0.60, 'UV', '2024-04-14 06:00:00'),
(391, 22, 'Tension Panneau', 3.90, 'V', '2024-04-14 08:00:00'),
(392, 22, 'Indice UV', 2.30, 'UV', '2024-04-14 08:00:00'),
(393, 22, 'Tension Panneau', 5.00, 'V', '2024-04-14 10:00:00'),
(394, 22, 'Indice UV', 5.80, 'UV', '2024-04-14 10:00:00'),
(395, 22, 'Tension Panneau', 5.20, 'V', '2024-04-14 12:00:00'),
(396, 22, 'Indice UV', 8.60, 'UV', '2024-04-14 12:00:00'),
(397, 22, 'Tension Panneau', 5.00, 'V', '2024-04-14 14:00:00'),
(398, 22, 'Indice UV', 7.50, 'UV', '2024-04-14 14:00:00'),
(399, 22, 'Tension Panneau', 4.10, 'V', '2024-04-14 16:00:00'),
(400, 22, 'Indice UV', 3.80, 'UV', '2024-04-14 16:00:00'),
(401, 22, 'Tension Panneau', 1.80, 'V', '2024-04-14 18:00:00'),
(402, 22, 'Indice UV', 0.90, 'UV', '2024-04-14 18:00:00'),
(403, 22, 'Tension Panneau', 0.00, 'V', '2024-04-14 20:00:00'),
(404, 22, 'Indice UV', 0.00, 'UV', '2024-04-14 20:00:00'),
(405, 22, 'Tension Panneau', 0.00, 'V', '2024-04-14 22:00:00'),
(406, 22, 'Indice UV', 0.00, 'UV', '2024-04-14 22:00:00'),
(407, 22, 'Tension Panneau', 0.20, 'V', '2024-04-12 02:15:00'),
(408, 22, 'Indice UV', 0.00, 'UV', '2024-04-12 02:15:00'),
(409, 22, 'Tension Panneau', 0.10, 'V', '2024-04-13 01:45:00'),
(410, 22, 'Indice UV', 0.00, 'UV', '2024-04-13 01:45:00'),
(411, 22, 'Tension Panneau', 0.30, 'V', '2024-04-14 03:20:00'),
(412, 22, 'Indice UV', 0.00, 'UV', '2024-04-14 03:20:00'),
(413, 31, 'Luminosité', 15.00, 'lux', '2024-04-16 02:30:00'),
(414, 31, 'Sirène', 0.00, 'bool', '2024-04-16 02:30:00'),
(415, 31, 'Luminosité', 15.00, 'lux', '2024-04-16 02:31:00'),
(416, 31, 'Sirène', 0.00, 'bool', '2024-04-16 02:31:00'),
(417, 31, 'Luminosité', 14.80, 'lux', '2024-04-16 02:32:00'),
(418, 31, 'Sirène', 0.00, 'bool', '2024-04-16 02:32:00'),
(419, 31, 'Luminosité', 450.00, 'lux', '2024-04-16 02:32:45'),
(420, 31, 'Sirène', 0.00, 'bool', '2024-04-16 02:32:45'),
(421, 31, 'Luminosité', 800.00, 'lux', '2024-04-16 02:32:50'),
(422, 31, 'Sirène', 0.00, 'bool', '2024-04-16 02:32:50'),
(423, 31, 'Luminosité', 320.00, 'lux', '2024-04-16 02:32:55'),
(424, 31, 'Sirène', 0.00, 'bool', '2024-04-16 02:32:55'),
(425, 31, 'Etat Laser', 1.00, 'bool', '2024-04-16 02:33:00'),
(426, 31, 'Sirène', 0.00, 'bool', '2024-04-16 02:33:00'),
(427, 31, 'Etat Laser', 1.00, 'bool', '2024-04-16 02:33:01'),
(428, 31, 'Sirène', 0.00, 'bool', '2024-04-16 02:33:01'),
(429, 31, 'Etat Laser', 0.00, 'bool', '2024-04-16 02:33:02'),
(430, 31, 'Sirène', 1.00, 'bool', '2024-04-16 02:33:02'),
(431, 31, 'Etat Laser', 0.00, 'bool', '2024-04-16 02:33:03'),
(432, 31, 'Sirène', 1.00, 'bool', '2024-04-16 02:33:03'),
(433, 31, 'Etat Laser', 1.00, 'bool', '2024-04-16 02:33:04'),
(434, 31, 'Sirène', 1.00, 'bool', '2024-04-16 02:33:04'),
(435, 31, 'Luminosité', 950.00, 'lux', '2024-04-16 02:33:05'),
(436, 31, 'Sirène', 1.00, 'bool', '2024-04-16 02:33:05'),
(437, 31, 'Luminosité', 12.00, 'lux', '2024-04-16 02:33:10'),
(438, 31, 'Sirène', 1.00, 'bool', '2024-04-16 02:33:10'),
(439, 31, 'Luminosité', 12.00, 'lux', '2024-04-16 02:34:00'),
(440, 31, 'Sirène', 1.00, 'bool', '2024-04-16 02:34:00'),
(441, 31, 'Luminosité', 12.00, 'lux', '2024-04-16 02:35:00'),
(442, 31, 'Sirène', 1.00, 'bool', '2024-04-16 02:35:00'),
(443, 31, 'Luminosité', 800.00, 'lux', '2024-04-16 02:38:00'),
(444, 31, 'Sirène', 1.00, 'bool', '2024-04-16 02:38:00'),
(445, 31, 'Luminosité', 800.00, 'lux', '2024-04-16 02:38:15'),
(446, 31, 'Sirène', 0.00, 'bool', '2024-04-16 02:38:15'),
(447, 31, 'Luminosité', 800.00, 'lux', '2024-04-16 02:40:00'),
(448, 31, 'Sirène', 0.00, 'bool', '2024-04-16 02:40:00'),
(449, 31, 'Luminosité', 15.00, 'lux', '2024-04-16 02:45:00'),
(450, 31, 'Sirène', 0.00, 'bool', '2024-04-16 02:45:00'),
(451, 31, 'Etat Laser', 1.00, 'bool', '2024-04-16 03:00:00'),
(452, 31, 'Sirène', 0.00, 'bool', '2024-04-16 03:00:00'),
(453, 31, 'Etat Laser', 1.00, 'bool', '2024-04-16 04:00:00'),
(454, 31, 'Sirène', 0.00, 'bool', '2024-04-16 04:00:00'),
(455, 31, 'Luminosité', 15.00, 'lux', '2024-04-16 05:00:00'),
(456, 31, 'Sirène', 0.00, 'bool', '2024-04-16 05:00:00'),
(457, 31, 'Luminosité', 150.00, 'lux', '2024-04-16 06:00:00'),
(458, 31, 'Sirène', 0.00, 'bool', '2024-04-16 06:00:00'),
(459, 31, 'Luminosité', 450.00, 'lux', '2024-04-16 07:00:00'),
(460, 31, 'Sirène', 0.00, 'bool', '2024-04-16 07:00:00'),
(461, 31, 'Etat Laser', 1.00, 'bool', '2024-04-16 08:00:00'),
(462, 31, 'Sirène', 0.00, 'bool', '2024-04-16 08:00:00'),
(463, 3, 'Température', 20.20, '°C', '2024-01-20 08:00:00'),
(464, 3, 'Chauffage', 0.00, 'bool', '2024-01-20 08:00:00'),
(465, 3, 'Température', 19.80, '°C', '2024-01-20 08:30:00'),
(466, 3, 'Chauffage', 0.00, 'bool', '2024-01-20 08:30:00'),
(467, 3, 'Température', 19.40, '°C', '2024-01-20 09:00:00'),
(468, 3, 'Chauffage', 0.00, 'bool', '2024-01-20 09:00:00'),
(469, 3, 'Température', 19.00, '°C', '2024-01-20 09:30:00'),
(470, 3, 'Chauffage', 0.00, 'bool', '2024-01-20 09:30:00'),
(471, 3, 'Température', 18.60, '°C', '2024-01-20 10:00:00'),
(472, 3, 'Chauffage', 0.00, 'bool', '2024-01-20 10:00:00'),
(473, 3, 'Température', 18.40, '°C', '2024-01-20 10:30:00'),
(474, 3, 'Chauffage', 1.00, 'bool', '2024-01-20 10:30:00'),
(475, 3, 'Température', 18.80, '°C', '2024-01-20 11:00:00'),
(476, 3, 'Chauffage', 1.00, 'bool', '2024-01-20 11:00:00'),
(477, 3, 'Température', 19.30, '°C', '2024-01-20 11:30:00'),
(478, 3, 'Chauffage', 1.00, 'bool', '2024-01-20 11:30:00'),
(479, 3, 'Température', 19.90, '°C', '2024-01-20 12:00:00'),
(480, 3, 'Chauffage', 1.00, 'bool', '2024-01-20 12:00:00'),
(481, 3, 'Température', 20.40, '°C', '2024-01-20 12:30:00'),
(482, 3, 'Chauffage', 1.00, 'bool', '2024-01-20 12:30:00'),
(483, 3, 'Température', 20.60, '°C', '2024-01-20 13:00:00'),
(484, 3, 'Chauffage', 0.00, 'bool', '2024-01-20 13:00:00'),
(485, 3, 'Température', 20.50, '°C', '2024-01-20 13:30:00'),
(486, 3, 'Chauffage', 0.00, 'bool', '2024-01-20 13:30:00'),
(487, 3, 'Température', 20.10, '°C', '2024-01-20 14:00:00'),
(488, 3, 'Chauffage', 0.00, 'bool', '2024-01-20 14:00:00'),
(489, 3, 'Température', 19.80, '°C', '2024-01-20 14:30:00'),
(490, 3, 'Chauffage', 0.00, 'bool', '2024-01-20 14:30:00'),
(491, 3, 'Température', 19.30, '°C', '2024-01-20 15:00:00'),
(492, 3, 'Chauffage', 0.00, 'bool', '2024-01-20 15:00:00'),
(493, 3, 'Température', 18.90, '°C', '2024-01-20 15:30:00'),
(494, 3, 'Chauffage', 0.00, 'bool', '2024-01-20 15:30:00'),
(495, 3, 'Température', 18.50, '°C', '2024-01-20 16:00:00'),
(496, 3, 'Chauffage', 0.00, 'bool', '2024-01-20 16:00:00'),
(497, 3, 'Température', 18.20, '°C', '2024-01-20 16:30:00'),
(498, 3, 'Chauffage', 1.00, 'bool', '2024-01-20 16:30:00'),
(499, 3, 'Température', 18.70, '°C', '2024-01-20 17:00:00'),
(500, 3, 'Chauffage', 1.00, 'bool', '2024-01-20 17:00:00'),
(501, 3, 'Température', 19.10, '°C', '2024-01-20 17:30:00'),
(502, 3, 'Chauffage', 1.00, 'bool', '2024-01-20 17:30:00'),
(503, 3, 'Température', 19.60, '°C', '2024-01-20 18:00:00'),
(504, 3, 'Chauffage', 1.00, 'bool', '2024-01-20 18:00:00'),
(505, 3, 'Température', 20.10, '°C', '2024-01-20 18:30:00'),
(506, 3, 'Chauffage', 1.00, 'bool', '2024-01-20 18:30:00'),
(507, 3, 'Température', 20.50, '°C', '2024-01-20 19:00:00'),
(508, 3, 'Chauffage', 0.00, 'bool', '2024-01-20 19:00:00'),
(509, 3, 'Température', 20.40, '°C', '2024-01-20 19:30:00'),
(510, 3, 'Chauffage', 0.00, 'bool', '2024-01-20 19:30:00'),
(511, 3, 'Température', 20.00, '°C', '2024-01-20 20:00:00'),
(512, 3, 'Chauffage', 0.00, 'bool', '2024-01-20 20:00:00'),
(513, 3, 'Température', 19.50, '°C', '2024-01-20 20:30:00'),
(514, 3, 'Chauffage', 0.00, 'bool', '2024-01-20 20:30:00'),
(515, 3, 'Température', 19.10, '°C', '2024-01-20 21:00:00'),
(516, 3, 'Chauffage', 0.00, 'bool', '2024-01-20 21:00:00'),
(517, 3, 'Température', 18.70, '°C', '2024-01-20 21:30:00'),
(518, 3, 'Chauffage', 0.00, 'bool', '2024-01-20 21:30:00'),
(519, 3, 'Température', 18.30, '°C', '2024-01-20 22:00:00'),
(520, 3, 'Chauffage', 1.00, 'bool', '2024-01-20 22:00:00'),
(521, 3, 'Température', 18.80, '°C', '2024-01-20 22:30:00'),
(522, 3, 'Chauffage', 1.00, 'bool', '2024-01-20 22:30:00'),
(523, 3, 'Température', 19.20, '°C', '2024-01-20 23:00:00'),
(524, 3, 'Chauffage', 1.00, 'bool', '2024-01-20 23:00:00'),
(525, 3, 'Température', 19.80, '°C', '2024-01-20 23:30:00'),
(526, 3, 'Chauffage', 1.00, 'bool', '2024-01-20 23:30:00'),
(527, 3, 'Température', 20.30, '°C', '2024-01-21 00:00:00'),
(528, 3, 'Chauffage', 1.00, 'bool', '2024-01-21 00:00:00'),
(529, 3, 'Température', 20.70, '°C', '2024-01-21 00:30:00'),
(530, 3, 'Chauffage', 0.00, 'bool', '2024-01-21 00:30:00'),
(531, 3, 'Température', 20.40, '°C', '2024-01-21 01:00:00'),
(532, 3, 'Chauffage', 0.00, 'bool', '2024-01-21 01:00:00'),
(533, 3, 'Température', 20.10, '°C', '2024-01-21 01:30:00'),
(534, 3, 'Chauffage', 0.00, 'bool', '2024-01-21 01:30:00'),
(535, 3, 'Température', 19.80, '°C', '2024-01-21 02:00:00'),
(536, 3, 'Chauffage', 0.00, 'bool', '2024-01-21 02:00:00'),
(537, 3, 'Température', 19.40, '°C', '2024-01-21 02:30:00'),
(538, 3, 'Chauffage', 0.00, 'bool', '2024-01-21 02:30:00'),
(539, 3, 'Température', 19.00, '°C', '2024-01-21 03:00:00'),
(540, 3, 'Chauffage', 0.00, 'bool', '2024-01-21 03:00:00'),
(541, 3, 'Température', 18.60, '°C', '2024-01-21 03:30:00'),
(542, 3, 'Chauffage', 0.00, 'bool', '2024-01-21 03:30:00'),
(543, 3, 'Température', 18.20, '°C', '2024-01-21 04:00:00'),
(544, 3, 'Chauffage', 1.00, 'bool', '2024-01-21 04:00:00'),
(545, 3, 'Température', 18.70, '°C', '2024-01-21 04:30:00'),
(546, 3, 'Chauffage', 1.00, 'bool', '2024-01-21 04:30:00'),
(547, 3, 'Température', 19.30, '°C', '2024-01-21 05:00:00'),
(548, 3, 'Chauffage', 1.00, 'bool', '2024-01-21 05:00:00'),
(549, 3, 'Température', 19.80, '°C', '2024-01-21 05:30:00'),
(550, 3, 'Chauffage', 1.00, 'bool', '2024-01-21 05:30:00'),
(551, 3, 'Température', 20.20, '°C', '2024-01-21 06:00:00'),
(552, 3, 'Chauffage', 1.00, 'bool', '2024-01-21 06:00:00'),
(553, 3, 'Température', 20.60, '°C', '2024-01-21 06:30:00'),
(554, 3, 'Chauffage', 0.00, 'bool', '2024-01-21 06:30:00'),
(555, 3, 'Température', 20.50, '°C', '2024-01-21 07:00:00'),
(556, 3, 'Chauffage', 0.00, 'bool', '2024-01-21 07:00:00'),
(557, 3, 'Température', 20.20, '°C', '2024-01-21 07:30:00'),
(558, 3, 'Chauffage', 0.00, 'bool', '2024-01-21 07:30:00'),
(559, 3, 'Température', 19.90, '°C', '2024-01-21 08:00:00'),
(560, 3, 'Chauffage', 0.00, 'bool', '2024-01-21 08:00:00'),
(561, 14, 'Moteur 1', 250.00, 'mA', '2024-04-18 10:00:00'),
(562, 14, 'Moteur 2', 260.00, 'mA', '2024-04-18 10:00:00'),
(563, 14, 'Moteur 1', 300.00, 'mA', '2024-04-18 10:00:02'),
(564, 14, 'Moteur 2', 310.00, 'mA', '2024-04-18 10:00:02'),
(565, 14, 'Moteur 1', 450.00, 'mA', '2024-04-18 10:00:04'),
(566, 14, 'Moteur 2', 440.00, 'mA', '2024-04-18 10:00:04'),
(567, 14, 'Moteur 1', 210.00, 'mA', '2024-04-18 10:00:06'),
(568, 14, 'Moteur 2', 220.00, 'mA', '2024-04-18 10:00:06'),
(569, 14, 'Moteur 1', 350.00, 'mA', '2024-04-18 10:00:08'),
(570, 14, 'Moteur 2', 380.00, 'mA', '2024-04-18 10:00:08'),
(571, 14, 'Moteur 1', 480.00, 'mA', '2024-04-18 10:00:10'),
(572, 14, 'Moteur 2', 510.00, 'mA', '2024-04-18 10:00:10'),
(573, 14, 'Moteur 1', 220.00, 'mA', '2024-04-18 10:00:12'),
(574, 14, 'Moteur 2', 250.00, 'mA', '2024-04-18 10:00:12'),
(575, 14, 'Moteur 1', 320.00, 'mA', '2024-04-18 10:00:14'),
(576, 14, 'Moteur 2', 600.00, 'mA', '2024-04-18 10:00:14'),
(577, 14, 'Moteur 1', 410.00, 'mA', '2024-04-18 10:00:16'),
(578, 14, 'Moteur 2', 850.00, 'mA', '2024-04-18 10:00:16'),
(579, 14, 'Moteur 1', 230.00, 'mA', '2024-04-18 10:00:18'),
(580, 14, 'Moteur 2', 920.00, 'mA', '2024-04-18 10:00:18'),
(581, 14, 'Moteur 1', 360.00, 'mA', '2024-04-18 10:00:20'),
(582, 14, 'Moteur 2', 1100.00, 'mA', '2024-04-18 10:00:20'),
(583, 14, 'Moteur 1', 490.00, 'mA', '2024-04-18 10:00:22'),
(584, 14, 'Moteur 2', 1350.00, 'mA', '2024-04-18 10:00:22'),
(585, 14, 'Moteur 1', 215.00, 'mA', '2024-04-18 10:00:24'),
(586, 14, 'Moteur 2', 1420.00, 'mA', '2024-04-18 10:00:24'),
(587, 14, 'Moteur 1', 340.00, 'mA', '2024-04-18 10:00:26'),
(588, 14, 'Moteur 2', 1510.00, 'mA', '2024-04-18 10:00:26'),
(589, 14, 'Moteur 1', 420.00, 'mA', '2024-04-18 10:00:28'),
(590, 14, 'Moteur 2', 1480.00, 'mA', '2024-04-18 10:00:28'),
(591, 14, 'Moteur 1', 205.00, 'mA', '2024-04-18 10:00:30'),
(592, 14, 'Moteur 2', 800.00, 'mA', '2024-04-18 10:00:30'),
(593, 14, 'Moteur 1', 310.00, 'mA', '2024-04-18 10:00:32'),
(594, 14, 'Moteur 2', 320.00, 'mA', '2024-04-18 10:00:32'),
(595, 14, 'Moteur 1', 460.00, 'mA', '2024-04-18 10:00:34'),
(596, 14, 'Moteur 2', 450.00, 'mA', '2024-04-18 10:00:34'),
(597, 14, 'Moteur 1', 210.00, 'mA', '2024-04-18 10:00:36'),
(598, 14, 'Moteur 2', 215.00, 'mA', '2024-04-18 10:00:36'),
(599, 14, 'Moteur 1', 330.00, 'mA', '2024-04-18 10:00:38'),
(600, 14, 'Moteur 2', 340.00, 'mA', '2024-04-18 10:00:38'),
(601, 14, 'Moteur 1', 470.00, 'mA', '2024-04-18 10:00:40'),
(602, 14, 'Moteur 2', 480.00, 'mA', '2024-04-18 10:00:40'),
(603, 14, 'Moteur 1', 200.00, 'mA', '2024-04-18 10:00:42'),
(604, 14, 'Moteur 2', 205.00, 'mA', '2024-04-18 10:00:42'),
(605, 14, 'Moteur 1', 350.00, 'mA', '2024-04-18 10:00:44'),
(606, 14, 'Moteur 2', 650.00, 'mA', '2024-04-18 10:00:44'),
(607, 14, 'Moteur 1', 480.00, 'mA', '2024-04-18 10:00:46'),
(608, 14, 'Moteur 2', 950.00, 'mA', '2024-04-18 10:00:46'),
(609, 14, 'Moteur 1', 210.00, 'mA', '2024-04-18 10:00:48'),
(610, 14, 'Moteur 2', 1200.00, 'mA', '2024-04-18 10:00:48'),
(611, 14, 'Moteur 1', 340.00, 'mA', '2024-04-18 10:00:50'),
(612, 14, 'Moteur 2', 1450.00, 'mA', '2024-04-18 10:00:50'),
(613, 14, 'Moteur 1', 430.00, 'mA', '2024-04-18 10:00:52'),
(614, 14, 'Moteur 2', 1490.00, 'mA', '2024-04-18 10:00:52'),
(615, 14, 'Moteur 1', 220.00, 'mA', '2024-04-18 10:00:54'),
(616, 14, 'Moteur 2', 1510.00, 'mA', '2024-04-18 10:00:54'),
(617, 14, 'Moteur 1', 310.00, 'mA', '2024-04-18 10:00:56'),
(618, 14, 'Moteur 2', 1520.00, 'mA', '2024-04-18 10:00:56'),
(619, 14, 'Moteur 1', 450.00, 'mA', '2024-04-18 10:00:58'),
(620, 14, 'Moteur 2', 1500.00, 'mA', '2024-04-18 10:00:58'),
(621, 14, 'Moteur 1', 230.00, 'mA', '2024-04-18 10:01:00'),
(622, 14, 'Moteur 2', 1480.00, 'mA', '2024-04-18 10:01:00'),
(623, 14, 'Moteur 1', 360.00, 'mA', '2024-04-18 10:01:02'),
(624, 14, 'Moteur 2', 1515.00, 'mA', '2024-04-18 10:01:02'),
(625, 14, 'Moteur 1', 410.00, 'mA', '2024-04-18 10:01:04'),
(626, 14, 'Moteur 2', 1495.00, 'mA', '2024-04-18 10:01:04'),
(627, 14, 'Moteur 1', 200.00, 'mA', '2024-04-18 10:01:06'),
(628, 14, 'Moteur 2', 1530.00, 'mA', '2024-04-18 10:01:06'),
(629, 14, 'Moteur 1', 350.00, 'mA', '2024-04-18 10:01:08'),
(630, 14, 'Moteur 2', 1510.00, 'mA', '2024-04-18 10:01:08'),
(631, 14, 'Moteur 1', 470.00, 'mA', '2024-04-18 10:01:10'),
(632, 14, 'Moteur 2', 1500.00, 'mA', '2024-04-18 10:01:10'),
(633, 14, 'Moteur 1', 215.00, 'mA', '2024-04-18 10:01:12'),
(634, 14, 'Moteur 2', 1520.00, 'mA', '2024-04-18 10:01:12'),
(635, 14, 'Moteur 1', 330.00, 'mA', '2024-04-18 10:01:14'),
(636, 14, 'Moteur 2', 1490.00, 'mA', '2024-04-18 10:01:14'),
(637, 14, 'Moteur 1', 480.00, 'mA', '2024-04-18 10:01:16'),
(638, 14, 'Moteur 2', 1540.00, 'mA', '2024-04-18 10:01:16'),
(639, 14, 'Moteur 1', 205.00, 'mA', '2024-04-18 10:01:18'),
(640, 14, 'Moteur 2', 1500.00, 'mA', '2024-04-18 10:01:18'),
(641, 14, 'Moteur 1', 320.00, 'mA', '2024-04-18 10:01:20'),
(642, 14, 'Moteur 2', 1510.00, 'mA', '2024-04-18 10:01:20'),
(643, 14, 'Moteur 1', 460.00, 'mA', '2024-04-18 10:01:22'),
(644, 14, 'Moteur 2', 1485.00, 'mA', '2024-04-18 10:01:22'),
(645, 14, 'Moteur 1', 220.00, 'mA', '2024-04-18 10:01:24'),
(646, 14, 'Moteur 2', 1525.00, 'mA', '2024-04-18 10:01:24'),
(647, 14, 'Moteur 1', 340.00, 'mA', '2024-04-18 10:01:26'),
(648, 14, 'Moteur 2', 1500.00, 'mA', '2024-04-18 10:01:26'),
(649, 14, 'Moteur 1', 440.00, 'mA', '2024-04-18 10:01:28'),
(650, 14, 'Moteur 2', 1530.00, 'mA', '2024-04-18 10:01:28'),
(651, 14, 'Moteur 1', 210.00, 'mA', '2024-04-18 10:01:30'),
(652, 14, 'Moteur 2', 1510.00, 'mA', '2024-04-18 10:01:30'),
(653, 14, 'Moteur 1', 350.00, 'mA', '2024-04-18 10:01:32'),
(654, 14, 'Moteur 2', 1495.00, 'mA', '2024-04-18 10:01:32'),
(655, 14, 'Moteur 1', 490.00, 'mA', '2024-04-18 10:01:34'),
(656, 14, 'Moteur 2', 1520.00, 'mA', '2024-04-18 10:01:34'),
(657, 14, 'Moteur 1', 0.00, 'mA', '2024-04-18 10:01:36'),
(658, 14, 'Moteur 2', 0.00, 'mA', '2024-04-18 10:01:36'),
(659, 14, 'Moteur 1', 0.00, 'mA', '2024-04-18 10:01:38'),
(660, 14, 'Moteur 2', 0.00, 'mA', '2024-04-18 10:01:38');

-- --------------------------------------------------------

--
-- Table structure for table `utilisateurs`
--

CREATE TABLE `utilisateurs` (
  `id_utilisateur` int(11) NOT NULL,
  `nom` varchar(100) NOT NULL,
  `courriel` varchar(150) NOT NULL,
  `niveau` varchar(50) DEFAULT 'Débutant'
) ENGINE=InnoDB DEFAULT CHARSET=latin1 COLLATE=latin1_swedish_ci;

--
-- Dumping data for table `utilisateurs`
--

INSERT INTO `utilisateurs` (`id_utilisateur`, `nom`, `courriel`, `niveau`) VALUES
(1, 'Alexandre Gagnon', 'alex+001@labo.cc', 'Intermédiaire'),
(2, 'Alex Gagnon', 'alex+002@labo.cc', 'Débutant'),
(3, 'Alexandre Gagnon', 'alex+003@labo.cc', 'Expert'),
(4, 'Alexandre G.', 'alex+004@labo.cc', 'Débutant'),
(5, 'A. Gagnon', 'alex+005@labo.cc', 'Intermédiaire'),
(6, 'Alex. Gagnon', 'alex+006@labo.cc', 'Débutant'),
(7, 'Alexandre', 'alex+007@labo.cc', 'Débutant'),
(8, 'Gagnon, Alexandre', 'alex+008@labo.cc', 'Expert'),
(9, 'Gagnon Alexandre', 'alex+009@labo.cc', 'Intermédiaire'),
(10, 'Gagnon Alex', 'alex+010@labo.cc', 'Débutant'),
(11, 'alexandre gagnon', 'alex+011@labo.cc', 'Débutant'),
(12, 'ALEXANDRE GAGNON', 'alex+012@labo.cc', 'Intermédiaire'),
(13, 'Alexandre gagnon', 'alex+013@labo.cc', 'Débutant'),
(14, 'alexandre Gagnon', 'alex+014@labo.cc', 'Expert'),
(15, 'AlExAnDrE gAgNoN', 'alex+015@labo.cc', 'Débutant'),
(16, 'ALexandre Gagnon', 'alex+016@labo.cc', 'Intermédiaire'),
(17, 'Alexandre GAGNON', 'alex+017@labo.cc', 'Débutant'),
(18, 'alex Gagnon', 'alex+018@labo.cc', 'Expert'),
(19, 'ALEX gagnon', 'alex+019@labo.cc', 'Débutant'),
(20, 'aLeXaNdRe GaGnOn', 'alex+020@labo.cc', 'Intermédiaire'),
(21, ' Alexandre Gagnon', 'alex+021@labo.cc', 'Débutant'),
(22, 'Alexandre Gagnon ', 'alex+022@labo.cc', 'Débutant'),
(23, ' Alexandre Gagnon ', 'alex+023@labo.cc', 'Intermédiaire'),
(24, 'Alexandre  Gagnon', 'alex+024@labo.cc', 'Expert'),
(25, 'Alexandre   Gagnon', 'alex+025@labo.cc', 'Débutant'),
(26, 'Alexandre    Gagnon', 'alex+026@labo.cc', 'Intermédiaire'),
(27, 'Alexandre Gagnon  ', 'alex+027@labo.cc', 'Débutant'),
(28, '  Alexandre Gagnon', 'alex+028@labo.cc', 'Expert'),
(29, 'Alex andre Gagnon', 'alex+029@labo.cc', 'Débutant'),
(30, 'Alexandre Gag non', 'alex+030@labo.cc', 'Intermédiaire'),
(31, 'Alxandre Gagnon', 'alex+031@labo.cc', 'Débutant'),
(32, 'Aleaxndre Gagnon', 'alex+032@labo.cc', 'Intermédiaire'),
(33, 'Alexandr Gagnon', 'alex+033@labo.cc', 'Débutant'),
(34, 'Alexender Gagnon', 'alex+034@labo.cc', 'Expert'),
(35, 'Alexendre Gagnon', 'alex+035@labo.cc', 'Débutant'),
(36, 'Alaxandre Gagnon', 'alex+036@labo.cc', 'Intermédiaire'),
(37, 'Aexandre Gagnon', 'alex+037@labo.cc', 'Débutant'),
(38, 'Alexnadre Gagnon', 'alex+038@labo.cc', 'Expert'),
(39, 'Alexanddre Gagnon', 'alex+039@labo.cc', 'Débutant'),
(40, 'Alexanre Gagnon', 'alex+040@labo.cc', 'Intermédiaire'),
(41, 'Alexandre Gagon', 'alex+041@labo.cc', 'Débutant'),
(42, 'Alexandre Gagnom', 'alex+042@labo.cc', 'Intermédiaire'),
(43, 'Alexandre Gangon', 'alex+043@labo.cc', 'Débutant'),
(44, 'Alexandre Gaggnon', 'alex+044@labo.cc', 'Expert'),
(45, 'Alexandre Gognon', 'alex+045@labo.cc', 'Débutant'),
(46, 'Alexandre Ganon', 'alex+046@labo.cc', 'Intermédiaire'),
(47, 'Alexandre Gahnon', 'alex+047@labo.cc', 'Débutant'),
(48, 'Alexandre Gagone', 'alex+048@labo.cc', 'Expert'),
(49, 'Alexandre Gag', 'alex+049@labo.cc', 'Débutant'),
(50, 'Alexandre G.', 'alex+050@labo.cc', 'Intermédiaire'),
(51, 'Alxndre Gagon', 'alex+051@labo.cc', 'Débutant'),
(52, 'Aleaxndre Ganon', 'alex+052@labo.cc', 'Intermédiaire'),
(53, 'Alexandr Gangon', 'alex+053@labo.cc', 'Débutant'),
(54, 'Alexender Gognon', 'alex+054@labo.cc', 'Expert'),
(55, 'alxandre gagnom', 'alex+055@labo.cc', 'Débutant'),
(56, ' ALEXANDRE GAGON ', 'alex+056@labo.cc', 'Intermédiaire'),
(57, 'Alexnadre  Gangon', 'alex+057@labo.cc', 'Débutant'),
(58, 'alexanre gagon ', 'alex+058@labo.cc', 'Expert'),
(59, 'AlexandreGagnon', 'alex+059@labo.cc', 'Débutant'),
(60, 'Alexandre-Gagnon', 'alex+060@labo.cc', 'Intermédiaire'),
(61, 'M. Alexandre Gagnon', 'alex+061@labo.cc', 'Débutant'),
(62, 'Mr. Alexandre Gagnon', 'alex+062@labo.cc', 'Intermédiaire'),
(63, 'Alexandre Gagnon Jr.', 'alex+063@labo.cc', 'Débutant'),
(64, 'Alexandre Gagnon II', 'alex+064@labo.cc', 'Expert'),
(65, 'Dr. Alexandre Gagnon', 'alex+065@labo.cc', 'Débutant'),
(66, 'Alexandre Gagnon (Projet)', 'alex+066@labo.cc', 'Intermédiaire'),
(67, 'Alexandre Gagnon - Admin', 'alex+067@labo.cc', 'Débutant'),
(68, '[Alexandre Gagnon]', 'alex+068@labo.cc', 'Expert'),
(69, 'Alexandre Gagnon 123', 'alex+069@labo.cc', 'Débutant'),
(70, 'Alexandre_Gagnon', 'alex+070@labo.cc', 'Intermédiaire'),
(71, 'Aléxandre Gagnon', 'alex+071@labo.cc', 'Débutant'),
(72, 'Alexandre Gagnôn', 'alex+072@labo.cc', 'Intermédiaire'),
(73, 'Àlexandre Gagnon', 'alex+073@labo.cc', 'Débutant'),
(74, 'Alexandre Gâgnon', 'alex+074@labo.cc', 'Expert'),
(75, 'Alex@ndre Gagnon', 'alex+075@labo.cc', 'Débutant'),
(76, 'Alexandre G@gnon', 'alex+076@labo.cc', 'Intermédiaire'),
(77, 'Alexandrë Gagnon', 'alex+077@labo.cc', 'Débutant'),
(78, 'Alexandre Gãgnon', 'alex+078@labo.cc', 'Expert'),
(79, 'Alexandre Gagnon!', 'alex+079@labo.cc', 'Débutant'),
(80, '?Alexandre Gagnon', 'alex+080@labo.cc', 'Intermédiaire'),
(81, 'Gagnon, A.', 'alex+081@labo.cc', 'Débutant'),
(82, 'Gagnon, Alex', 'alex+082@labo.cc', 'Intermédiaire'),
(83, 'G. Alexandre', 'alex+083@labo.cc', 'Débutant'),
(84, 'A. G.', 'alex+084@labo.cc', 'Expert'),
(85, 'AGagnon', 'alex+085@labo.cc', 'Débutant'),
(86, 'AlexG', 'alex+086@labo.cc', 'Intermédiaire'),
(87, 'Nom: Alexandre Gagnon', 'alex+087@labo.cc', 'Débutant'),
(88, 'Utilisateur: Alexandre', 'alex+088@labo.cc', 'Expert'),
(89, 'GagnonAlexandre', 'alex+089@labo.cc', 'Débutant'),
(90, 'alexandre.gagnon', 'alex+090@labo.cc', 'Intermédiaire'),
(91, '  alEXandre  gAGnon  ', 'alex+091@labo.cc', 'Débutant'),
(92, 'Alexandre G.', 'alex+092@labo.cc', 'Intermédiaire'),
(93, 'Alexandre Gagnon null', 'alex+093@labo.cc', 'Débutant'),
(94, 'Alexandre Gagnon NA', 'alex+094@labo.cc', 'Expert'),
(95, 'Alexandre G', 'alex+095@labo.cc', 'Débutant'),
(96, 'Alexandre G.', 'alex+096@labo.cc', 'Intermédiaire'),
(97, 'Al xandre Gagnon', 'alex+097@labo.cc', 'Débutant'),
(98, 'Alexandre  Gagnon ', 'alex+098@labo.cc', 'Expert'),
(99, 'Alexandre_G', 'alex+099@labo.cc', 'Débutant'),
(100, 'A L E X A N D R E G.', 'alex+100@labo.cc', 'Intermédiaire');

--
-- Indexes for dumped tables
--

--
-- Indexes for table `composants`
--
ALTER TABLE `composants`
  ADD PRIMARY KEY (`id_composant`);

--
-- Indexes for table `projets`
--
ALTER TABLE `projets`
  ADD PRIMARY KEY (`id_projet`),
  ADD KEY `id_utilisateur` (`id_utilisateur`);

--
-- Indexes for table `projet_composant`
--
ALTER TABLE `projet_composant`
  ADD PRIMARY KEY (`id_projet`,`id_composant`),
  ADD KEY `id_composant` (`id_composant`);

--
-- Indexes for table `releves_capteurs`
--
ALTER TABLE `releves_capteurs`
  ADD PRIMARY KEY (`id_releve`),
  ADD KEY `id_projet` (`id_projet`);

--
-- Indexes for table `utilisateurs`
--
ALTER TABLE `utilisateurs`
  ADD PRIMARY KEY (`id_utilisateur`),
  ADD UNIQUE KEY `courriel` (`courriel`);

--
-- AUTO_INCREMENT for dumped tables
--

--
-- AUTO_INCREMENT for table `composants`
--
ALTER TABLE `composants`
  MODIFY `id_composant` int(11) NOT NULL AUTO_INCREMENT, AUTO_INCREMENT=228;

--
-- AUTO_INCREMENT for table `projets`
--
ALTER TABLE `projets`
  MODIFY `id_projet` int(11) NOT NULL AUTO_INCREMENT, AUTO_INCREMENT=51;

--
-- AUTO_INCREMENT for table `releves_capteurs`
--
ALTER TABLE `releves_capteurs`
  MODIFY `id_releve` int(11) NOT NULL AUTO_INCREMENT, AUTO_INCREMENT=661;

--
-- AUTO_INCREMENT for table `utilisateurs`
--
ALTER TABLE `utilisateurs`
  MODIFY `id_utilisateur` int(11) NOT NULL AUTO_INCREMENT, AUTO_INCREMENT=101;

--
-- Constraints for dumped tables
--

--
-- Constraints for table `projets`
--
ALTER TABLE `projets`
  ADD CONSTRAINT `projets_ibfk_1` FOREIGN KEY (`id_utilisateur`) REFERENCES `utilisateurs` (`id_utilisateur`) ON DELETE CASCADE;

--
-- Constraints for table `projet_composant`
--
ALTER TABLE `projet_composant`
  ADD CONSTRAINT `projet_composant_ibfk_1` FOREIGN KEY (`id_projet`) REFERENCES `projets` (`id_projet`) ON DELETE CASCADE,
  ADD CONSTRAINT `projet_composant_ibfk_2` FOREIGN KEY (`id_composant`) REFERENCES `composants` (`id_composant`) ON DELETE CASCADE;

--
-- Constraints for table `releves_capteurs`
--
ALTER TABLE `releves_capteurs`
  ADD CONSTRAINT `releves_capteurs_ibfk_1` FOREIGN KEY (`id_projet`) REFERENCES `projets` (`id_projet`) ON DELETE CASCADE;
COMMIT;

/*!40101 SET CHARACTER_SET_CLIENT=@OLD_CHARACTER_SET_CLIENT */;
/*!40101 SET CHARACTER_SET_RESULTS=@OLD_CHARACTER_SET_RESULTS */;
/*!40101 SET COLLATION_CONNECTION=@OLD_COLLATION_CONNECTION */;
